I;NAME;RAJD;DECJD;DM;RM;
1;J0006+1834;1.52000000;18.58305556;11.41;-20.00;
2;B0011+47;3.57395833;47.77594444;30.41;-15.56;
3;J0021-0909;5.46445833;-9.16630556;25.20;-15.00;
4;J0023+0923;5.82032291;9.38996121;14.32;-5.10;
5;B0021-72C;5.95981083;-72.07541800;24.60;27.00;
6;B0021-72D;6.05783717;-72.07884789;24.74;28.00;
7;B0021-72J;5.99753208;-72.06633078;24.59;20.00;
8;J0026+6320;6.71067083;63.33357500;245.06;-294.00;
9;J0030+0451;7.61428128;4.86103100;4.33;1.17;
10;J0034-0534;8.59097592;-5.57686722;13.77;-38.00;
11;B0031-07;8.53695958;-7.36483583;10.92;9.89;
12;J0036-1033;9.06254167;-10.55394444;23.10;-8.10;
13;B0037+56;10.13495792;57.27356472;92.51;15.30;
14;J0045-7042;11.35704167;-70.70197222;71.30;31.00;
15;J0045-7319;11.39650000;-73.31750000;104.60;-25.00;
16;B0045+33;12.14160282;34.20223077;39.92;-83.30;
17;B0052+51;13.93915875;51.29016694;44.01;-64.09;
18;B0053+47;14.10630345;47.93626269;18.14;-34.16;
19;J0058+6125;14.50000000;61.41666667;128.30;-212.00;
20;J0101-6422;15.29631792;-64.37504750;11.92;20.00;
21;B0059+65;15.63746417;65.62039333;65.85;-94.00;
22;J0108-1431;17.03477923;-14.53060753;2.38;-0.30;
23;B0105+65;17.09377042;66.14291639;30.55;-27.10;
24;B0105+68;17.12293293;69.09795221;61.06;-33.04;
25;J0113-7220;18.29620833;-72.34227778;125.49;128.00;
26;B0114+58;19.41108846;59.24399732;49.42;-8.10;
27;J0125-2327;21.29166667;-23.45722222;9.60;4.78;
28;J0131-7310;22.86879167;-73.16926111;205.22;-57.00;
29;J0133-6957;23.38525000;-69.95824444;22.95;7.00;
30;J0134-2937;23.57784333;-29.62140056;21.81;13.00;
31;J0137+1654;24.34950000;16.91169444;26.08;-16.80;
32;B0136+57;24.83225042;58.24217194;73.81;-94.13;
33;B0138+59;25.41640900;60.15897317;34.93;-47.00;
34;B0144+59;26.93601417;59.36757889;40.11;-9.50;
35;B0148-06;27.84465792;-6.58416306;25.66;2.00;
36;J0152+0948;28.09887500;9.80277778;22.88;1.40;
37;B0149-16;28.04522458;-16.63156694;11.93;6.60;
38;J0154+1833;28.65367804;18.56409944;19.80;-22.84;
39;B0153+39;29.23019206;39.82459228;59.83;-68.58;
40;B0154+61;29.45809750;62.20740222;30.21;-29.00;
41;J0158+21;29.62083333;21.13333333;20.00;-29.77;
42;J0201+7005;30.42226667;70.08836389;21.03;-39.00;
43;J0203-0150;30.89130062;-1.83377428;19.22;2.60;
44;B0203-40;31.50538750;-40.46767222;12.90;-4.00;
45;J0211-8159;32.99583333;-81.99338889;24.36;54.00;
46;J0212+5222;33.21724475;52.38041719;38.21;-13.68;
47;J0214+5222;33.73029708;52.37804167;22.04;-16.44;
48;J0215+6218;33.98594524;62.30927029;84.00;380.90;
49;J0218+4232;34.52649404;42.53815976;61.25;-61.40;
50;J0220+3626;35.17550000;36.44880556;40.00;-41.05;
51;B0226+70;37.80832172;70.44274548;46.68;-43.81;
52;J0248+6021;42.07757083;60.35964444;370.00;-158.00;
53;B0254-53;43.98455208;-53.07257639;15.90;32.00;
54;B0301+19;46.13797917;19.54761111;15.66;-8.43;
55;B0320+39;50.86109125;39.74788972;26.19;60.00;
56;J0324+5239;51.23108333;52.65869444;115.46;-126.00;
57;B0329+54;53.24754000;54.57870250;26.76;-64.33;
58;B0331+45;53.81934000;45.93151444;47.15;-15.20;
59;J0340+4130;55.09703317;41.51258087;49.59;55.00;
60;J0343-3000;55.86641667;-30.00763889;20.20;45.00;
61;B0339+53;55.80378531;53.21484111;67.30;-69.70;
62;J0344-0901;56.15612917;-9.01740556;30.90;7.00;
63;J0348+0432;57.18182917;4.53651611;40.46;48.27;
64;B0353+52;59.43683458;52.61597028;103.71;261.00;
65;B0355+54;59.72384917;54.22049556;57.14;81.50;
66;B0403-76;60.46562500;-76.13693056;21.70;19.00;
67;J0402+4825;60.66930417;48.43264167;85.70;-111.00;
68;B0402+61;61.62533583;61.64483556;65.41;8.18;
69;J0407+1607;61.97891250;16.12122222;35.59;2.50;
70;B0410+69;63.98188898;69.90274737;27.45;-21.42;
71;J0417+35;64.42916667;35.75000000;48.53;42.00;
72;J0421-0345;65.38981694;-3.75183645;44.61;30.00;
73;J0426+4933;66.52838750;49.56068333;84.30;-169.00;
74;J0435+2749;68.96590833;27.81713889;53.19;0.96;
75;J0437-4715;69.31623406;-47.25253075;2.64;0.15;
76;J0448-2749;72.17319758;-27.82964862;26.22;-0.70;
77;J0449-7031;72.27362500;-70.52547222;65.83;41.00;
78;B0447-12;72.53658750;-12.80197222;37.04;13.00;
79;B0450-18;73.14210708;-17.98982528;39.90;11.10;
80;J0453+1559;73.43922367;15.98925175;30.31;-35.30;
81;B0450+55;73.53229417;55.72817694;14.59;5.80;
82;B0456-69;73.94812500;-69.85952778;94.70;-26.00;
83;J0457-6337;74.28245833;-63.62511111;27.50;14.00;
84;J0459-0210;74.96642205;-2.16850891;21.02;18.00;
85;B0458+46;75.51900417;46.90169167;41.83;-175.20;
86;J0509+0856;77.34264521;8.94028467;38.33;44.14;
87;J0511-6508;77.98541667;-65.14347222;25.66;27.00;
88;J0514-4002A;78.52788629;-40.04691472;52.14;-12.00;
89;J0514-4002B;78.52804167;-40.04663889;52.08;-13.00;
90;J0514-4002C;78.52787500;-40.04705556;52.05;-8.00;
91;J0514-4002D;78.52804167;-40.04672222;52.22;-12.00;
92;J0514-4002E;78.52783333;-40.04658333;51.93;-6.00;
93;J0514-4002G;78.52762500;-40.04669444;50.96;-12.00;
94;J0514-4002H;78.52750000;-40.04666667;52.23;-11.00;
95;J0514-4002J;78.52791667;-40.04666667;52.02;-14.00;
96;J0514-4002K;78.52833333;-40.04666667;51.93;-13.00;
97;J0514-4002M;78.52833333;-40.04666667;51.68;-13.00;
98;J0514-4408;78.71745833;-44.14371667;15.12;17.40;
99;J0517+2212;79.32144583;22.21441667;18.70;-20.20;
100;J0519-6932;79.94548750;-69.53985556;118.86;85.00;
101;J0520-2553;80.15077229;-25.88674819;33.77;-12.00;
102;J0522-6847;80.59608333;-68.78394444;126.45;-123.00;
103;J0523-7125;80.95275000;-71.43127222;157.50;456.00;
104;B0523+11;81.48520125;11.25530000;79.42;20.10;
105;B0525+21;82.21776667;22.00111111;50.87;-40.02;
106;J0529-0715;82.28738750;-7.25734167;87.30;-46.00;
107;B0529-66;82.46208333;-66.87775000;103.31;9.00;
108;J0532-6639;83.24795833;-66.66036111;69.20;54.00;
109;J0533+0402;83.35761667;4.03325000;83.70;-71.00;
110;B0531+21;83.63322083;22.01446111;56.77;-45.44;
111;J0534-6703;83.65070833;-67.06355556;95.30;-35.00;
112;B0538-75;84.12841667;-75.73188889;18.58;26.10;
113;J0538+2817;84.60440500;28.28587806;39.57;39.00;
114;J0540+3207;85.15465000;32.12702778;61.97;13.70;
115;B0540-69;85.04667500;-69.33171389;147.20;-245.80;
116;J0540-7125;85.12833333;-71.42538889;29.41;43.00;
117;B0540+23;85.79025000;23.48472222;77.70;2.85;
118;J0546+2441;86.61983333;24.68916667;73.81;24.00;
119;J0555+3948;88.75000000;39.80000000;36.10;9.00;
120;J0555-7056;88.75770833;-70.94600000;72.90;26.00;
121;J0557+1550;89.38103825;15.83501278;102.57;26.00;
122;J0557-2948;89.38749792;-29.80466778;49.03;1.10;
123;B0559-05;90.49573000;-5.46413083;80.54;64.00;
124;J0610-2100;92.55665306;-21.00774976;60.67;33.74;
125;J0611+30;92.81666667;30.26666667;45.26;14.46;
126;B0609+37;93.20286134;37.36037689;27.15;34.51;
127;J0613-0200;93.43323292;-2.01312150;38.77;18.37;
128;J0613+3731;93.30062500;37.52730556;18.99;16.00;
129;B0611+22;93.57085750;22.49912444;96.91;66.00;
130;J0614-3329;93.54311583;-33.49836611;37.05;38.93;
131;J0614+83;93.50000000;83.23333333;44.20;-13.00;
132;J0621+1002;95.34214317;10.04409311;36.55;53.20;
133;J0621+2514;95.29522583;25.23439722;83.63;10.60;
134;B0621-04;96.08345088;-4.41401459;70.83;49.00;
135;J0627+0649;96.97345250;6.83170278;86.60;179.00;
136;J0627+0706;96.93405000;7.10916667;138.25;212.00;
137;B0626+24;97.27386375;24.26154056;84.18;75.70;
138;J0630-0046;97.61231667;-0.76829167;97.90;44.00;
139;B0628-28;97.70585164;-28.57854967;34.42;46.53;
140;J0631+0646;97.96825000;6.77061111;195.20;105.00;
141;J0631+1036;97.86468333;10.61736111;125.36;137.00;
142;J0633+1746;98.47563750;17.77025250;2.89;2.80;
143;J0633-2015;98.28691667;-20.25197222;90.70;-5.00;
144;J0636-3044;99.28750000;-30.84500000;15.46;36.90;
145;J0636+5128;99.02019777;51.48332374;11.11;-7.00;
146;J0645+5158;101.49617629;51.97080920;18.25;-2.90;
147;J0646+0905;101.62927083;9.09711111;147.85;-149.00;
148;B0643+80;103.31287500;80.86672778;33.32;-31.77;
149;J0656-2228;104.12586250;-22.47376389;32.39;83.00;
150;B0656+14;104.95081667;14.23872222;13.94;22.73;
151;B0655+64;105.15750833;64.30311111;8.77;-18.07;
152;J0709+0458;107.28485579;4.98097058;44.27;43.40;
153;J0711+0931;107.90075000;9.52361111;46.24;62.80;
154;J0711-6830;107.97575018;-68.51315682;18.41;23.86;
155;J0719-2545;109.78075000;-25.75006389;253.89;164.00;
156;J0721-2038;110.42876958;-20.63529472;76.01;-18.40;
157;J0725-1635;111.25168397;-16.59605977;98.98;188.00;
158;J0726-2612;111.53383333;-26.21058333;69.40;126.00;
159;J0729-1448;112.31854167;-14.81022222;91.89;46.00;
160;B0727-18;112.38473708;-18.61173444;61.29;51.00;
161;J0732+2314;113.15631500;23.24839167;44.67;3.60;
162;J0737-2202;114.43362917;-22.03481111;95.59;162.70;
163;J0737-3039A;114.46353508;-30.66130953;48.92;120.46;
164;J0737-3039B;114.46353508;-30.66130953;48.92;118.00;
165;B0736-40;114.63442500;-40.71095000;160.90;12.10;
166;J0740+6620;115.19080319;66.34264435;14.96;-41.00;
167;B0740-28;115.70440833;-28.37882222;73.73;149.95;
168;B0743-53;116.26866667;-53.88598889;121.38;-71.00;
169;J0749-4247;117.45697917;-42.79503889;104.59;125.00;
170;J0750-6846;117.64937500;-68.77605833;54.60;-31.00;
171;J0751+1807;117.78814721;18.12735733;30.24;41.59;
172;B0751+32;118.66953333;32.53227778;39.99;4.73;
173;B0756-15;119.62112833;-15.46909389;63.33;55.00;
174;J0803-0942;120.86186667;-9.71411389;21.10;-17.50;
175;J0807-5421;121.94660417;-54.35735000;165.03;-65.00;
176;B0808-47;122.43264583;-47.89852778;228.30;105.00;
177;B0809+74;123.74791667;74.48491667;5.75;-14.00;
178;J0815+0939;123.78656667;9.66408333;52.66;54.00;
179;J0818-3232;124.60806250;-32.54181389;131.80;25.20;
180;B0818-13;125.10992375;-13.84884972;40.94;-1.20;
181;J0820-3826;125.24970417;-38.44525000;195.50;122.00;
182;J0820-3921;125.20462500;-39.36547222;179.40;126.90;
183;B0818-41;125.06441667;-41.24311111;113.40;57.70;
184;J0821-4221;125.43598333;-42.35707222;270.60;251.10;
185;B0820+02;125.79068792;1.98679694;23.73;13.00;
186;J0824+0028;126.10350092;0.46682417;34.55;38.70;
187;B0823+26;126.71461167;26.62258250;19.48;5.38;
188;B0826-34;127.06927293;-34.28529102;51.60;59.00;
189;J0831-4406;127.88512500;-44.10330556;254.00;509.00;
190;J0834-4159;128.57419583;-41.99333056;240.50;-377.00;
191;J0835-3707;128.76283333;-37.13097222;112.40;62.80;
192;B0833-45;128.83588121;-45.17635419;67.77;31.38;
193;B0834+06;129.27350833;6.17071111;12.86;25.32;
194;B0835-41;129.33830958;-41.58737861;147.20;144.50;
195;J0838-2621;129.57833750;-26.35820833;116.90;96.00;
196;B0839-53;130.14052500;-53.54331944;156.50;81.00;
197;B0840-48;130.52268458;-48.85572222;196.85;145.00;
198;J0843+0719;130.89091667;7.31327778;36.60;40.00;
199;J0843-5022;130.79118333;-50.37863889;178.47;190.00;
200;B0844-35;131.52516667;-35.56144444;94.16;136.50;
201;J0849-6322;132.42745833;-63.37638889;91.29;-125.00;
202;B0841+80;132.25628211;80.48308960;34.81;-21.78;
203;J0854+5449;133.60718958;54.82466167;18.84;-8.80;
204;B0853-33;133.91005628;-33.52758448;86.64;165.00;
205;J0855-4644;133.90075000;-46.73705556;236.40;225.00;
206;J0855-4658;133.83154167;-46.97294444;472.70;350.00;
207;B0855-61;134.24695833;-61.63130833;95.00;-70.00;
208;J0857-4424;134.48263333;-44.40295833;184.43;165.00;
209;J0900-3144;135.18313787;-31.74191533;75.69;85.42;
210;J0901-4624;135.41716667;-46.41347222;199.30;267.00;
211;B0901-63;135.63500000;-63.42000000;72.72;-59.20;
212;B0903-42;136.24617917;-42.77038889;145.80;284.00;
213;B0904-74;136.04362500;-74.99491667;51.10;14.00;
214;J0905-4536;136.34958333;-45.61472222;196.20;153.00;
215;J0905-5127;136.46650000;-51.46501389;196.43;291.00;
216;J0905-6019;136.31352083;-60.32279444;91.40;-63.00;
217;B0905-51;136.81625417;-51.96648889;103.72;-23.30;
218;B0906-17;137.15909250;-17.66046389;15.88;-32.10;
219;B0906-49;137.14775000;-49.21805556;180.44;10.00;
220;B0909-71;137.39920833;-72.20248333;54.30;-18.00;
221;J0912-3851;138.17791667;-38.85083333;71.50;85.00;
222;J0921-5202;140.49949375;-52.04401944;122.40;-179.00;
223;B0917+63;140.30889747;62.90386409;13.15;-14.56;
224;B0919+06;140.55842500;6.63980556;27.30;29.20;
225;J0922-4949;140.56233750;-49.82002222;237.10;-15.00;
226;B0922-52;141.03634167;-53.04516667;152.90;150.00;
227;B0923-58;141.12841667;-58.23475000;57.40;-45.00;
228;J0925+6103;141.32310458;61.05114000;21.64;-18.28;
229;J0927+2345;141.93858333;23.75297222;17.24;-8.00;
230;J0931-1902;142.82965478;-19.04861884;41.49;-100.24;
231;J0932-3217;143.16312500;-32.28727778;102.10;241.00;
232;B0932-52;143.61765417;-52.82425000;100.00;18.00;
233;J0940-5428;145.24258333;-54.47794444;134.55;-31.00;
234;J0941-5244;145.42144583;-52.73457778;157.94;-243.00;
235;B0940-55;145.56200000;-55.88197222;180.16;-61.90;
236;B0941-56;145.72676667;-56.96200278;159.74;135.00;
237;B0940+16;145.87541667;16.52694444;20.34;17.36;
238;J0943+2253;145.88498958;22.88490556;27.25;16.43;
239;B0942-13;146.12064958;-13.91156389;12.50;-7.00;
240;J0944+4106;146.07557733;41.10126386;21.41;4.53;
241;J0945-4833;146.40939167;-48.55402778;98.10;-1.10;
242;B0943+10;146.53166667;9.86527778;15.32;14.10;
243;J0947+2740;146.83869583;27.67875000;29.09;23.25;
244;J0949-6902;147.33569583;-69.04488889;93.00;-58.00;
245;B0950-38;148.07166667;-38.65283333;162.88;331.70;
246;B0950+08;148.28879042;7.92659722;2.97;-0.66;
247;J0954-5430;148.52519167;-54.51467222;201.57;86.00;
248;B0953-52;148.87275417;-53.07128889;156.90;-97.00;
249;J0955-6150;148.80000000;-61.83333333;160.90;-49.00;
250;J0957-5432;149.48337500;-54.53441667;226.10;125.00;
251;B0957-47;149.85921667;-48.16318611;92.70;50.00;
252;J1000-5149;150.11725417;-51.83281111;72.80;46.00;
253;B0959-54;150.40770833;-55.11883333;130.32;297.00;
254;J1001-5559;150.28583333;-55.98338889;159.30;112.00;
255;B1001-47;150.83970417;-47.78366389;98.49;52.00;
256;B1010-23;153.14052652;-23.63956138;22.51;52.00;
257;J1012-4235;153.05392083;-42.59817778;71.65;61.80;
258;J1012+5307;153.13932687;53.11729541;9.02;2.60;
259;B1011-58;153.20195833;-58.96347222;383.90;39.00;
260;J1013-5934;153.38270000;-59.57406389;379.78;-97.00;
261;J1015-5719;153.90816667;-57.32022222;278.10;110.00;
262;B1014-53;154.12972917;-53.75396111;66.80;-21.00;
263;J1016-5819;154.05029583;-58.31696389;252.16;92.00;
264;J1016-5857;154.08816667;-58.95336111;394.48;-520.00;
265;B1015-56;154.30346250;-56.35847778;438.70;332.80;
266;J1017-7156;154.46383654;-71.94489308;94.21;-63.36;
267;J1019-5749;154.96725000;-57.81830556;1040.00;-334.00;
268;J1020-5921;155.05845833;-59.35944444;80.00;-60.00;
269;J1020-6026;155.04754167;-60.43508333;446.00;-721.00;
270;J1022+1001;155.74164348;10.03129866;10.26;1.39;
271;J1024-0719;156.16113071;-7.32208671;6.49;-2.95;
272;J1028-5819;157.11666667;-58.31811111;96.53;-5.00;
273;B1030-58;158.02031667;-59.19855556;418.20;100.00;
274;J1034-3224;158.58129582;-32.40721690;50.75;-43.00;
275;J1035-6345;158.76283333;-63.75511389;189.70;-32.00;
276;J1035-6720;158.86449167;-67.33685889;84.17;-53.00;
277;J1036-4926;159.05467083;-49.43922222;136.52;-11.00;
278;J1036-6559;159.08350000;-65.98590833;158.36;-88.00;
279;J1036-8317;159.16900417;-83.29889444;27.09;12.90;
280;J1038+0032;159.61222083;0.54544444;26.34;20.00;
281;B1036-58;159.58208333;-58.52421667;72.74;-31.00;
282;B1039-19;160.40081667;-19.70378056;33.78;-22.80;
283;B1039-55;160.50202208;-55.35160917;306.50;155.00;
284;J1043-6116;160.98025417;-61.28076667;448.91;189.00;
285;J1045-4509;161.45910336;-45.16502896;58.11;94.43;
286;J1046+0304;161.68012500;3.06858333;24.98;-1.10;
287;B1044-57;161.57837500;-58.23111111;240.20;133.00;
288;J1047-3032;161.75338998;-30.53833367;52.54;-26.20;
289;J1047-6709;161.86784167;-67.16418500;116.16;-79.30;
290;J1048+2339;162.18090981;23.66483453;16.65;-2.40;
291;B1046-58;162.05437500;-58.53505556;128.68;-149.40;
292;J1049+5822;162.40791667;58.37141667;12.36;3.95;
293;J1049-5833;162.45975000;-58.56238889;446.80;344.00;
294;J1052-5954;163.15879167;-59.91225000;491.90;-270.00;
295;J1054-5943;163.74062500;-59.72058333;330.70;151.00;
296;J1054-6452;163.53683333;-64.87708333;234.00;115.20;
297;J1055-6028;163.91329167;-60.47708333;636.50;343.00;
298;B1054-62;164.10660000;-62.97991389;320.62;8.40;
299;J1056-7117;164.19158333;-71.29816500;92.90;-31.30;
300;B1055-52;164.49602083;-52.44898056;29.69;47.20;
301;B1056-78;164.36541667;-79.23988889;51.00;-22.20;
302;J1058-5957;164.64270833;-59.96011111;334.00;41.00;
303;B1056-57;164.75370250;-57.70404167;108.70;-75.00;
304;J1101-6424;165.40496792;-64.41092556;207.36;-41.21;
305;J1103-5403;165.88872500;-54.06201250;103.91;-67.70;
306;J1103-6025;165.88116667;-60.42677500;275.90;569.00;
307;J1104-6103;166.07192500;-61.05107778;78.51;-8.00;
308;J1105-4353;166.35350000;-43.88472222;45.00;17.00;
309;J1105-6107;166.35891667;-61.13026111;271.24;187.00;
310;J1107-5907;166.89358333;-59.12186111;40.75;25.95;
311;B1105-59;166.99458333;-59.78444444;158.40;-31.00;
312;J1107-6143;166.80125000;-61.73305556;406.00;668.00;
313;B1107-56;167.50154667;-56.62571389;262.56;419.00;
314;J1112-6103;168.06170833;-61.05863889;595.69;242.00;
315;B1110-65;168.16005833;-66.21796194;249.30;-132.00;
316;B1110-69;168.21158333;-69.44231389;148.40;-36.00;
317;B1112-60;168.59454167;-61.00891667;676.70;-6729.00;
318;J1115-0956;168.86400417;-9.94808333;16.10;-9.00;
319;B1112+50;168.91000000;50.50341389;9.19;2.63;
320;J1115-6052;168.97384167;-60.87183611;226.92;251.60;
321;B1114-41;169.17952500;-41.37887778;40.53;-37.00;
322;J1117-6154;169.34920833;-61.90611111;493.60;-622.00;
323;J1119-6127;169.80958333;-61.46375000;704.80;853.00;
324;B1118-79;169.92000000;-79.60841667;27.40;-11.00;
325;J1120-3618;170.09732500;-36.32790778;45.12;-48.00;
326;B1119-54;170.32954167;-54.73475000;204.70;42.00;
327;J1123-4844;170.81521250;-48.73965278;92.92;-7.00;
328;J1123-6102;170.92375000;-61.03505556;439.40;244.00;
329;J1123-6259;170.98137500;-62.98636667;223.26;54.00;
330;J1123-6651;170.96754167;-66.86363056;111.20;-85.00;
331;J1124-5916;171.16250000;-59.27194444;329.20;164.00;
332;J1124-6421;171.24791667;-64.35472222;298.00;-1102.00;
333;J1125-5825;171.43485683;-58.42135550;124.81;-5.50;
334;J1125-6014;171.48012346;-60.23519318;52.93;8.45;
335;J1125+7819;171.49940268;78.33019874;12.03;-28.40;
336;B1124-60;171.71920000;-60.91110000;280.27;-41.00;
337;J1126-6942;171.59025000;-69.70438889;55.33;-31.00;
338;J1130-6807;172.63297083;-68.12458889;148.73;-150.00;
339;B1131-62;173.46437500;-62.84738889;567.80;848.00;
340;B1133+16;174.01299917;15.85393972;4.84;3.97;
341;B1133-55;174.00900000;-55.41858333;85.11;31.80;
342;J1137-6700;174.38370417;-67.00916944;228.04;-1.00;
343;J1138-6207;174.59008333;-62.13313889;518.86;594.00;
344;J1141-3107;175.35678750;-31.13127778;30.77;-26.00;
345;J1141-3322;175.42815000;-33.37703056;46.45;-36.00;
346;J1141-6545;175.27922500;-65.75530919;116.08;-93.40;
347;J1142+0119;175.70893750;1.32658056;19.20;0.31;
348;B1143-60;176.53214667;-60.51656167;111.68;7.00;
349;J1151-6108;177.98691667;-61.13822222;217.80;183.10;
350;J1156-5707;179.03104167;-57.11725000;243.20;228.00;
351;J1157-5112;179.28402500;-51.21559444;39.72;-4.46;
352;B1154-62;179.31336250;-62.41414722;325.20;508.20;
353;J1159-6409;179.84041667;-64.16583333;178.00;259.00;
354;J1159-7910;179.89879167;-79.16822222;59.24;-11.00;
355;B1159-58;180.61802083;-58.34267778;145.41;139.00;
356;J1207-4508;181.83025000;-45.13586111;84.50;-64.00;
357;J1207-5050;181.84334967;-50.84407778;50.64;-13.00;
358;J1210-5559;182.52494608;-55.98440281;174.35;58.00;
359;J1211-6324;182.85075000;-63.41255556;333.80;-120.00;
360;J1216-6410;184.03058167;-64.16922944;47.39;-21.99;
361;J1220-6318;185.07441667;-63.31291667;347.00;258.40;
362;J1224-6208;186.18437500;-62.14475000;454.20;80.00;
363;B1221-63;186.09272500;-64.13163056;97.69;-5.60;
364;J1225-6035;186.36929167;-60.59377778;176.10;70.00;
365;B1222-63;186.42833333;-64.14527778;415.10;337.00;
366;J1227-6208;186.75183875;-62.14549694;362.91;47.32;
367;J1231-1411;187.79713833;-14.19545278;8.09;11.58;
368;J1231-4609;187.94066667;-46.16255556;67.40;-20.00;
369;J1231-6303;187.80416667;-63.05500000;301.00;390.00;
370;J1236-5033;189.24645833;-50.56008333;105.02;49.00;
371;J1237-6725;189.35791667;-67.42608333;176.50;24.00;
372;J1238+2152;189.59656936;21.86974274;17.97;4.41;
373;B1237+25;189.91858917;24.89702500;9.25;-0.12;
374;J1239+32;189.75000000;32.00000000;16.85;-9.08;
375;B1236-68;189.99566667;-68.54137222;94.30;-49.00;
376;B1237-41;190.07337500;-41.41436111;44.10;17.00;
377;B1240-64;190.82125417;-64.38992500;297.09;161.20;
378;J1244-1812;191.10741667;-18.20450000;15.50;4.00;
379;J1246+2253;191.70567917;22.89535278;17.79;3.59;
380;J1251-7407;192.97058333;-74.12084444;89.81;-121.00;
381;J1252-6314;193.17758333;-63.24241667;278.40;330.00;
382;J1253-5820;193.36809167;-58.34469167;100.58;17.70;
383;B1254-10;194.26984375;-10.45154194;29.63;8.00;
384;B1256-67;194.84433333;-67.69451944;94.70;-55.70;
385;B1257+12;195.01490292;12.68235336;10.17;7.78;
386;J1301-6305;195.44066667;-63.09275000;374.00;-631.00;
387;J1302-3258;195.60833333;-32.98000000;26.19;-30.00;
388;B1259-63;195.69849307;-63.83573016;146.73;21.10;
389;J1305-6203;196.33808333;-62.05585278;468.78;-478.00;
390;B1302-64;196.34779167;-64.92458333;505.00;-420.00;
391;B1303-66;196.65883333;-66.28922222;436.90;396.00;
392;J1307-6318;196.97791667;-63.30972222;374.00;136.00;
393;J1308-5844;197.08783333;-58.73716667;205.60;9.10;
394;B1309-12;197.96937478;-12.46711749;36.21;-13.00;
395;J1312+0051;198.19434300;0.85002889;15.35;2.00;
396;B1309-53;198.01961667;-54.04513889;133.00;143.00;
397;B1309-55;198.22305417;-55.27980556;134.10;141.00;
398;J1312-6400;198.02983333;-64.01544444;93.00;-12.90;
399;J1313+0931;198.34583333;9.53222222;12.04;2.30;
400;J1314-6101;198.59750000;-61.02111111;309.00;-388.00;
401;J1317-6302;199.43620833;-63.04783333;678.10;-504.00;
402;B1316-60;199.83437500;-60.94633056;400.94;-280.60;
403;J1319-6105;199.85966667;-61.09061111;440.60;-481.40;
404;J1320-3512;200.05283333;-35.20722222;16.42;-7.80;
405;B1317-53;200.22467083;-53.98472222;97.10;141.00;
406;B1322+83;200.44013125;83.39428667;13.32;-23.67;
407;J1322-6241;200.63395833;-62.69819444;618.80;83.00;
408;J1324-6146;201.18291667;-61.76666667;828.00;-1546.00;
409;J1325-6253;201.27037792;-62.89433167;303.33;-144.00;
410;B1323-58;201.74257083;-58.99146944;287.17;-580.40;
411;B1323-63;201.63513750;-64.14550000;502.70;226.40;
412;B1322-66;201.51137500;-67.01366667;208.97;-52.50;
413;J1327-0755;201.98995000;-7.92494444;27.91;-0.30;
414;B1323-62;201.82156667;-62.37929444;318.48;-322.60;
415;B1323-627;201.78096667;-63.02097500;294.91;87.00;
416;J1327-6400;201.79279167;-64.00363889;679.00;-141.00;
417;B1325-43;202.02680000;-43.96225556;42.00;-22.90;
418;B1325-49;202.13991667;-49.35927778;118.00;170.00;
419;J1331-5245;202.75004167;-52.75705556;148.40;83.00;
420;J1333-4449;203.43678750;-44.82395000;44.30;-71.00;
421;J1334-5839;203.62545458;-58.65459583;119.30;54.00;
422;J1337-4441;204.36562083;-44.69508333;97.80;-28.00;
423;J1337-6423;204.38284583;-64.38469861;259.89;-108.30;
424;B1334-61;204.53852917;-62.07186111;640.30;-459.00;
425;J1339-4712;204.98578583;-47.20153333;39.90;17.00;
426;B1336-64;205.00133333;-64.94525000;76.99;-2.00;
427;J1341-6023;205.28070833;-60.39297222;364.60;-688.00;
428;B1338-62;205.42762500;-62.33908333;719.65;-947.00;
429;J1343+6634;205.99691667;66.57362500;30.03;57.02;
430;J1345-6115;206.43512500;-61.25850000;278.10;-61.00;
431;J1347-5947;206.83075000;-59.79438889;293.40;-548.00;
432;J1348-6307;207.17666667;-63.11777778;597.00;-603.80;
433;J1349-6130;207.40258333;-61.50475556;283.87;-380.00;
434;J1350-5115;207.56732917;-51.25682222;90.39;-2.00;
435;J1352-6803;208.14354167;-68.06030556;214.60;20.40;
436;B1352-51;208.99455000;-51.89831944;112.10;55.00;
437;J1355-5925;208.99629167;-59.41691667;354.80;-451.50;
438;J1355-6206;208.83891667;-62.10558333;547.00;-474.00;
439;J1356-5521;209.21065833;-55.35360000;174.17;89.00;
440;B1353-62;209.35416667;-62.46666667;416.70;-589.00;
441;J1357-6429;209.26012500;-64.49172222;128.50;-47.00;
442;B1356-60;209.99270000;-60.63543056;293.74;38.30;
443;J1400-1431;210.15418172;-14.52973479;4.93;5.00;
444;B1358-63;210.46854167;-63.96166667;98.00;62.00;
445;J1403-6310;210.80833333;-63.17416667;305.00;-709.00;
446;J1403-7646;210.76708333;-76.78263889;100.60;94.00;
447;J1404+1159;211.15411250;11.98777778;18.50;4.00;
448;J1405-4656;211.33927292;-46.93397500;13.88;-5.00;
449;J1406-4233;211.51995833;-42.55572222;79.70;-68.00;
450;J1406-5806;211.50500000;-58.10888889;229.00;153.00;
451;J1406-6121;211.70850000;-61.35775000;537.29;880.00;
452;J1409-6953;212.32041667;-69.89288889;167.63;-51.00;
453;J1410-6132;212.59829583;-61.53559722;961.00;2270.00;
454;J1410-7404;212.53070833;-74.08147778;54.24;-4.00;
455;J1411+2551;212.82860833;25.85233056;12.37;7.60;
456;J1412-6111;213.24841667;-61.19180556;311.80;-93.00;
457;J1412-6145;213.03179167;-61.75791111;512.48;-52.00;
458;J1413-6141;213.29112500;-61.68694444;667.60;-354.00;
459;J1413-6222;213.27279167;-62.37438889;808.10;-490.00;
460;B1409-62;213.38048333;-63.12651389;121.98;44.00;
461;J1415-6621;213.88029167;-66.35338889;260.17;302.00;
462;J1416-6037;214.12745833;-60.63319444;289.20;336.00;
463;J1418-3921;214.70951250;-39.35514167;60.49;-15.00;
464;B1417-54;215.12129167;-54.27297222;129.60;-1.00;
465;J1420-5625;215.01275833;-56.43194444;64.48;33.00;
466;J1420-6048;215.03432083;-60.80456389;360.15;-122.00;
467;J1421-4409;215.33734946;-44.15126472;54.64;-24.30;
468;J1424-5822;216.13387500;-58.38213889;323.90;-643.00;
469;B1424-55;217.10933333;-55.51390556;82.40;4.00;
470;B1426-66;217.66972917;-66.38487500;65.10;-19.20;
471;J1431-4715;217.93590708;-47.25765944;59.35;13.25;
472;J1431-5740;217.76456375;-57.66990833;131.38;-42.20;
473;J1432-5032;218.21779167;-50.53813889;113.00;11.00;
474;J1434-6006;218.52208333;-60.10805556;332.00;-361.00;
475;J1434+7257;218.49890417;72.95736444;12.61;-9.70;
476;J1435-5954;218.75086667;-59.91375000;44.26;-14.00;
477;J1435-6100;218.83448542;-61.01609889;113.78;-53.73;
478;J1437-5959;219.25795833;-59.98372222;549.60;-705.00;
479;J1439-5501;219.91559167;-55.02322806;14.56;-7.90;
480;B1436-63;220.13025000;-63.74677778;124.20;29.00;
481;J1443-5122;220.86237500;-51.37388889;87.00;43.00;
482;J1444-5941;221.19375000;-59.68861111;177.10;-164.00;
483;J1446-4701;221.64880023;-47.02410614;55.83;-9.10;
484;J1452-5851;223.21916667;-58.85366667;260.50;47.00;
485;J1452-6036;223.21618750;-60.60873056;349.52;16.20;
486;J1453+1902;223.44049735;19.03669839;14.06;3.30;
487;B1449-64;223.38610417;-64.22111111;71.25;-18.60;
488;J1454-5846;223.54545000;-58.77631667;116.09;84.30;
489;J1455-3330;223.94987774;-33.51288526;13.57;12.00;
490;B1451-68;223.99967917;-68.72763889;8.61;-0.10;
491;B1454-51;224.41705417;-51.38191667;37.00;12.70;
492;J1457-5902;224.38291667;-59.03444444;477.20;13.70;
493;J1502-5653;225.73912083;-56.89422500;194.00;-253.70;
494;J1502-5828;225.68250000;-58.47833333;584.00;362.00;
495;J1502-6128;225.62433333;-61.48063889;256.50;69.40;
496;J1502-6752;225.57756250;-67.87132194;152.24;232.80;
497;J1503+2111;225.97750000;21.18591667;3.26;-5.00;
498;B1504-43;226.89239583;-43.86779167;48.70;-34.00;
499;B1503-66;226.95264167;-66.68273889;129.80;-42.70;
500;B1508+55;227.35679083;55.52566500;19.62;1.43;
501;J1509-5850;227.36315000;-58.84889167;142.10;41.00;
502;B1507-44;227.70375000;-44.36861111;84.00;8.00;
503;J1511-5414;227.96368750;-54.24453333;84.76;-51.50;
504;J1512-5431;228.02375000;-54.52194444;219.00;5.30;
505;B1508-57;228.17933333;-57.99994444;627.47;510.00;
506;J1513-5739;228.49579167;-57.65038889;469.70;261.00;
507;B1509-58;228.48254583;-59.13600000;252.50;216.00;
508;B1510-48;228.56067917;-48.57221389;51.50;18.00;
509;J1514-4946;228.57964208;-49.77097667;31.01;34.60;
510;J1514-5925;228.74625000;-59.42875000;192.51;6.40;
511;J1515-5720;228.78845833;-57.34726389;480.60;41.00;
512;J1517-4356;229.36391667;-43.93830556;87.78;1.00;
513;J1517-4636;229.37240000;-46.60016667;127.00;-68.00;
514;J1518+4904;229.56999618;49.07618089;11.61;-12.31;
515;B1518-58;230.67601667;-58.48411528;199.90;-24.20;
516;J1524-5625;231.20775000;-56.42316667;152.20;185.80;
517;J1524-5706;231.08925000;-57.10962222;832.00;-475.50;
518;J1525-5545;231.36722500;-55.76384500;126.96;2.90;
519;B1524-39;231.99511667;-39.52616667;48.80;4.00;
520;B1523-55;231.91972500;-55.86898667;370.06;34.00;
521;J1528-3146;232.14564250;-31.76856556;18.16;-32.00;
522;J1528-4109;232.03347083;-41.15800000;89.50;25.00;
523;J1529-3828;232.31294417;-38.47940278;73.66;-30.00;
524;J1529-5355;232.49000000;-53.92666667;292.00;-374.90;
525;J1530-5327;232.61205000;-53.46556111;49.60;-19.00;
526;J1530-6343;232.69836667;-63.72044444;206.00;195.00;
527;J1531-5610;232.86625417;-56.18203611;110.41;-50.00;
528;B1530+27;233.04318583;27.76378417;14.69;3.37;
529;J1534-4428;233.71666667;-44.46927778;137.30;24.00;
530;B1530-53;233.53449167;-53.57212778;24.82;25.00;
531;B1530-539;233.63995833;-54.09436111;190.82;-86.80;
532;J1535-4114;233.82112500;-41.23419444;66.28;17.70;
533;J1535-5848;233.81983333;-58.80769444;107.00;122.70;
534;J1536-3602;234.07242500;-36.04966667;86.80;-24.00;
535;J1536-5433;234.02008333;-54.55416667;147.50;-138.00;
536;B1534+12;234.29150721;11.93206496;11.62;10.60;
537;J1537-4912;234.36750000;-49.20083333;69.70;0.00;
538;J1537-5312;234.40706108;-53.20696028;117.69;-37.40;
539;J1537-5645;234.46250000;-56.75111111;707.00;-4.00;
540;J1538+2345;234.52529167;23.75111111;14.91;11.50;
541;J1538-5732;234.57575000;-57.54147222;152.70;36.60;
542;B1535-56;234.80858333;-56.44063889;175.85;-18.00;
543;J1540-5736;235.24591667;-57.61583333;304.50;-414.00;
544;J1541-5535;235.45666667;-55.58361111;426.10;-256.00;
545;J1542-5034;235.68883333;-50.56768333;91.00;-70.00;
546;B1540-06;235.87557208;-6.34592556;18.30;-1.80;
547;B1541+09;235.91177083;9.48787194;34.98;15.95;
548;J1543-5149;235.93395750;-51.83185694;50.98;-27.00;
549;J1543-5459;235.98512500;-54.98750000;344.99;167.00;
550;J1544-0713;236.09802917;-7.23306111;30.73;21.00;
551;J1544+4937;236.01869675;49.63201514;23.23;9.92;
552;B1541-52;236.24928917;-53.14637583;35.16;-42.00;
553;J1545-4550;236.48310608;-45.84375766;68.39;2.99;
554;J1546-5302;236.53083333;-53.03972222;287.00;-1135.00;
555;J1546-5925;236.62227333;-59.42913083;168.50;-37.00;
556;J1547-5709;236.85052000;-57.15488053;95.72;119.70;
557;J1547-5839;236.89579167;-58.65272222;222.30;-60.00;
558;J1548-4821;237.09691667;-48.36380556;126.00;-137.00;
559;J1548-4927;237.08112500;-49.46122222;141.20;-228.60;
560;J1548-5607;237.18339583;-56.12619444;314.66;22.00;
561;J1549+2113;237.42058750;21.22413889;24.06;32.90;
562;J1549-4848;237.33783333;-48.80986111;55.98;-15.00;
563;J1550-5242;237.51229167;-52.70194444;337.70;-440.00;
564;J1550-5317;237.52000000;-53.28916667;600.00;-1164.00;
565;J1550-5418;237.72551608;-54.30669836;830.00;-1860.00;
566;J1551-4424;237.95008333;-44.41166667;66.50;-32.00;
567;J1551-5310;237.92083333;-53.18347222;491.60;-1023.30;
568;J1551-6214;237.90328333;-62.23982500;122.00;42.00;
569;J1552-4937;238.05529542;-49.63048444;113.80;-30.00;
570;B1550-54;238.49837500;-54.93506944;210.00;113.00;
571;J1555-0515;238.91707083;-5.26594444;23.46;1.30;
572;B1552-23;238.88826808;-23.68607516;51.90;-22.00;
573;B1552-31;238.82480000;-31.57225000;73.05;-49.00;
574;J1556-5358;239.21458333;-53.98194444;436.00;-153.00;
575;J1557-4258;239.25107500;-42.97018333;144.50;-41.90;
576;B1556-44;239.92302552;-44.64608383;55.94;-1.90;
577;B1555-55;239.83625000;-55.76305556;212.90;-150.00;
578;J1600-3053;240.21626293;-30.89705350;52.33;-11.68;
579;B1557-50;240.22089583;-50.73925000;262.79;138.20;
580;B1556-57;240.08291667;-57.85425000;176.55;-131.00;
581;J1601-5335;240.47837500;-53.59558333;195.20;-157.00;
582;J1602+3901;240.57850000;39.01716667;17.26;9.49;
583;B1558-50;240.57804167;-51.00169444;170.79;84.00;
584;J1603-2531;240.77010542;-25.52997222;53.76;15.00;
585;B1600-27;240.78359696;-27.22433718;46.20;-5.00;
586;J1603-5657;240.88108333;-56.96227500;264.07;28.00;
587;J1603-7202;240.89864683;-72.04243281;38.05;30.01;
588;J1604-3142;241.15227500;-31.70177778;58.30;37.00;
589;J1604-4718;241.12254167;-47.31330556;55.10;1.60;
590;B1600-49;241.09573333;-49.16610556;140.80;7.00;
591;J1604-7203;241.12157083;-72.05846111;54.37;22.00;
592;B1601-52;241.31777083;-52.95966667;34.90;4.90;
593;B1604-00;241.80024917;-0.54486861;10.68;6.50;
594;J1609-4616;242.42137500;-46.27291667;150.10;-115.30;
595;B1607-13;242.67822850;-13.37286409;49.13;-61.00;
596;J1610-5006;242.68458333;-50.11172222;410.00;-756.00;
597;J1610-5303;242.55341667;-53.06361111;380.10;-335.00;
598;J1611-4949;242.94429167;-49.83255556;556.80;-405.00;
599;B1607-52;242.76404167;-52.15614722;127.34;-101.00;
600;J1612+2008;243.09763333;20.13842500;19.51;22.26;
601;J1612-5805;243.11590000;-58.09144444;171.30;-21.00;
602;B1609-47;243.37090833;-47.24066944;161.20;-138.00;
603;B1612+07;243.67044377;7.62528291;21.39;28.00;
604;J1614-2230;243.65211475;-22.50869336;34.48;-29.12;
605;J1614-3846;243.67716667;-38.77638889;111.00;45.00;
606;J1614-3937;243.63011250;-39.62466667;152.44;84.00;
607;B1610-50;243.54704167;-50.80097222;582.40;-451.00;
608;B1612-29;243.97014552;-29.67104248;44.79;-30.00;
609;J1615-5444;243.75496250;-54.74233333;312.60;-232.00;
610;B1611-55;243.91845833;-55.61680556;124.48;10.00;
611;J1616-5109;244.12875000;-51.15472222;1160.00;-8.00;
612;J1618-3921;244.57843667;-39.35050417;117.93;177.50;
613;J1618-4624;244.71989912;-46.40970833;125.41;2.00;
614;J1618-4723;244.52833333;-47.38863889;134.70;39.00;
615;J1622-3751;245.51908333;-37.85386111;155.70;85.00;
616;J1622-4332;245.68945000;-43.54116667;230.68;140.00;
617;J1622-4802;245.69662500;-48.03697222;364.30;243.60;
618;J1622-4944;245.65625000;-49.74166667;755.00;-1286.20;
619;J1622-4950;245.68666667;-49.84844444;820.00;-1484.00;
620;J1622-6617;245.51528375;-66.28804944;88.00;9.00;
621;B1620-09;245.82358292;-9.14687028;68.18;-85.00;
622;B1620-26;245.90925750;-26.53160250;62.86;-8.00;
623;B1620-42;245.95121250;-42.94794444;295.00;109.60;
624;J1623-4949;245.97833333;-49.81777778;183.30;-42.00;
625;J1624-4411;246.08900417;-44.19272222;139.40;-10.00;
626;J1625-4048;246.29304167;-40.80597222;145.00;-7.00;
627;J1626-4537;246.70408333;-45.62377778;237.00;112.00;
628;J1626-6621;246.52854583;-66.35424167;84.11;39.00;
629;J1627+1419;246.82816250;14.32241667;32.17;18.61;
630;J1627-5547;246.83783333;-55.79788889;166.20;12.00;
631;J1627-5936;246.96912500;-59.61536111;99.30;89.00;
632;J1628+4406;247.20963287;44.11183659;7.33;3.36;
633;J1628-4804;247.11179167;-48.08305556;952.00;-447.00;
634;J1629-3636;247.39920833;-36.60361111;101.00;0.00;
635;J1629-6902;247.28654417;-69.04591500;29.49;36.67;
636;J1630+3550;247.64977775;35.84512028;17.45;8.52;
637;J1630+3734;247.65194554;37.57836028;14.18;1.73;
638;J1630-4719;247.51029167;-47.32833333;487.20;-339.00;
639;B1626-47;247.65612500;-47.55138889;509.30;-348.00;
640;J1632-4621;248.20755417;-46.36350000;559.83;311.50;
641;J1632-4818;248.16541667;-48.31494444;758.00;-515.00;
642;J1633-2009;248.48041667;-20.16916667;48.19;-0.10;
643;B1630-44;248.44603333;-44.88550000;472.22;159.00;
644;B1629-50;248.25035875;-50.25232167;398.41;406.10;
645;J1634-5107;248.52079167;-51.12933333;372.80;-151.00;
646;J1634-5640;248.57987500;-56.68019444;148.00;159.00;
647;B1633+24;248.85742371;24.31314405;24.27;21.97;
648;J1635-4944;248.98083333;-49.74333333;474.00;-23.00;
649;B1630-59;248.78783333;-59.91138889;134.90;110.30;
650;J1636-4803;249.13333333;-48.06527778;503.00;-780.00;
651;J1637-4450;249.47145833;-44.84063889;470.70;-197.00;
652;B1634-45;249.49455000;-45.89078333;193.23;10.00;
653;J1637-4642;249.30729167;-46.70394444;419.10;-43.20;
654;J1637-4721;249.29750000;-47.35083333;448.00;11.00;
655;J1638-3815;249.65562083;-38.25094444;238.00;33.10;
656;J1638-4417;249.69260833;-44.28422222;436.40;139.00;
657;J1638-4608;249.59691667;-46.13705556;423.10;363.00;
658;J1638-5226;249.74983333;-52.44927778;170.10;-62.00;
659;J1639-4359;249.77854167;-43.99777778;258.90;129.00;
660;B1635-45;249.83833750;-46.07586111;258.91;-28.00;
661;J1640+2224;250.06977112;22.40245113;18.43;22.81;
662;B1636-47;250.05454167;-47.26058333;586.32;-422.00;
663;J1641-2347;250.32516667;-23.79333333;27.70;-22.00;
664;B1639+36A;250.42029246;36.45416078;30.44;13.00;
665;J1643-1224;250.90900916;-12.41629785;62.40;-304.28;
666;J1643-4505;250.90379167;-45.09605556;478.60;-858.00;
667;B1641-45;251.20530417;-45.98603056;478.66;-626.90;
668;B1642-03;251.25850250;-3.29939417;35.76;15.80;
669;J1645+1012;251.39339583;10.20445556;36.17;30.20;
670;J1646-1910;251.57775000;-19.17055556;55.00;-10.00;
671;B1643-43;251.71375000;-43.77722222;490.40;-62.00;
672;B1641-68;251.72879167;-68.53102778;43.00;105.00;
673;J1647+6608;251.88550721;66.13951249;22.55;7.76;
674;J1648-3256;252.02529167;-32.94466667;128.28;-60.00;
675;J1648-4611;252.09184583;-46.18770833;392.30;-650.00;
676;J1648-6044;252.21345833;-60.74041667;106.20;59.00;
677;J1649+2533;252.43429167;25.55194444;34.46;29.52;
678;J1649-3805;252.45092500;-38.09975000;213.80;-83.20;
679;J1649-4349;252.33508333;-43.82283333;398.60;759.00;
680;J1649-4653;252.35254167;-46.88591667;331.00;-574.80;
681;J1650-1654;252.61320583;-16.91174500;43.25;16.10;
682;J1650-4502;252.63458333;-45.04369444;320.20;130.00;
683;J1650-4921;252.64628750;-49.35104444;229.30;-208.00;
684;B1648-17;252.88230300;-17.15614106;33.46;4.00;
685;B1648-42;252.95332083;-42.76943611;482.00;-167.40;
686;J1651-4519;252.98833333;-45.31972222;562.00;-669.30;
687;B1647-52;252.92900833;-52.38288333;179.10;-38.00;
688;B1647-528;252.92254167;-52.92991667;164.00;42.10;
689;J1651-7642;252.78279167;-76.71097222;59.90;54.00;
690;J1652-1400;253.06948750;-14.00761111;49.50;-49.00;
691;B1649-23;253.24387329;-24.06413041;68.41;-24.00;
692;J1652+2651;253.01279167;26.86122222;40.80;33.71;
693;J1652-4838;253.22500000;-48.75000000;188.16;-29.50;
694;J1653-2054;253.37929167;-20.91530556;56.52;-4.50;
695;B1650-38;253.41582500;-38.63911111;207.20;-82.00;
696;J1653-4030;253.39262500;-40.50038889;425.00;41.60;
697;J1653-4249;253.41758333;-42.81758333;416.10;25.00;
698;J1654-4140;253.59791667;-41.67333333;307.00;-410.00;
699;J1655-3048;253.85220833;-30.81166667;154.10;-63.00;
700;J1656-3621;254.13731250;-36.36658333;229.00;-23.40;
701;J1658+3630;254.61049917;36.50835972;3.04;6.35;
702;J1658-4306;254.56916667;-43.11388889;845.00;568.00;
703;J1658-4958;254.72883333;-49.98288889;193.40;-230.60;
704;J1658-5324;254.66393162;-53.40194528;30.83;7.80;
705;B1657-13;254.97119792;-13.08583042;60.37;35.00;
706;J1700-3312;255.22075537;-33.21291686;166.97;-15.00;
707;J1700-3611;255.20550000;-36.19805556;232.70;-129.80;
708;B1658-37;255.32687500;-37.44088889;303.40;-605.90;
709;B1657-45;255.37147500;-45.56352778;526.00;4.00;
710;J1702-4128;255.71883333;-41.48005556;365.75;-165.50;
711;J1702-4217;255.65183333;-42.28366667;629.00;10.90;
712;J1702-4310;255.61225000;-43.17777778;377.60;-35.00;
713;B1700-18;255.96288125;-18.77079028;49.55;-29.00;
714;B1700-32;255.84392038;-32.69667568;110.31;-21.70;
715;J1703-4851;255.97725417;-48.86695556;150.29;-46.00;
716;J1704-5236;256.16903750;-52.61594444;170.00;-20.00;
717;B1659-60;256.06166667;-60.28166667;54.00;50.00;
718;J1705-1903;256.36250000;-19.13444444;57.50;-15.60;
719;B1702-19;256.40041557;-19.11073499;22.91;-19.20;
720;J1705-3423;256.42650833;-34.39530556;146.40;-44.00;
721;J1705-3950;256.37433333;-39.84972222;207.25;-98.80;
722;J1705-4108;256.33500000;-41.14555556;1077.00;916.00;
723;J1705-6135;256.31375000;-61.58750000;95.00;75.00;
724;B1703-40;256.84075000;-40.89863889;351.78;-179.70;
725;J1707-4341;256.91712500;-43.68666667;398.20;-143.00;
726;J1707-4729;256.81477917;-47.49291667;268.30;-475.30;
727;J1708-3426;257.24079167;-34.44555556;188.70;-176.00;
728;J1708-3506;257.07342563;-35.10628889;146.76;-10.56;
729;B1701-75;257.01041667;-75.65638889;37.00;40.20;
730;B1706-16;257.36017208;-16.68270278;24.89;1.50;
731;J1709+2313;257.27413333;23.22440278;25.35;36.60;
732;J1709-3626;257.43812500;-36.43433333;393.60;-225.90;
733;J1709-4401;257.42245833;-44.01977778;225.80;-122.00;
734;B1706-44;257.42803333;-44.48562222;75.59;0.50;
735;J1710-2616;257.52041667;-26.27638889;110.00;-9.00;
736;J1710+4923;257.51850454;49.38652178;7.08;12.00;
737;B1709-15;257.97941575;-15.16104092;59.88;8.00;
738;B1707-53;257.97137500;-53.83841667;106.10;-4.50;
739;J1713+0747;258.45639077;7.79374438;15.99;10.88;
740;J1715-3859;258.90787500;-38.99030556;806.20;571.00;
741;J1715-3903;258.80866667;-39.04919444;314.00;228.00;
742;J1715-4034;258.92050000;-40.57166667;254.00;-483.90;
743;J1716-3720;259.04733333;-37.34555556;682.70;-64.00;
744;J1716-4005;259.17525000;-40.09083333;435.00;-526.00;
745;J1716-4711;259.00462083;-47.18358333;287.06;-221.80;
746;B1714-34;259.33435200;-34.41654571;583.46;-191.00;
747;J1717-3953;259.35645833;-39.89861111;466.00;-485.00;
748;J1717-4043;259.44962500;-40.73055556;452.60;-993.00;
749;B1713-40;259.46816667;-41.05494444;306.90;-809.00;
750;J1717-5800;259.39854167;-58.00150000;125.22;39.00;
751;J1718-3718;259.54095833;-37.31430556;371.10;-160.00;
752;J1718-3825;259.55652083;-38.42168333;247.46;113.00;
753;J1719-1438;259.79197054;-14.63359500;36.78;17.27;
754;B1715-40;259.75717500;-40.11652778;386.12;-204.00;
755;J1719-4302;259.95320833;-43.03650000;297.70;-551.20;
756;B1718-02;260.23862083;-2.20663889;66.98;6.00;
757;B1717-16;260.10502647;-16.55936755;44.83;-12.00;
758;J1720+2150;260.00541667;21.83688889;40.72;52.94;
759;B1717-29;260.14215622;-29.55451054;42.64;10.00;
760;J1720-3659;260.00823333;-36.98513889;378.97;-99.00;
761;J1721-2457;260.27290792;-24.95171389;48.23;-37.70;
762;B1718-35;260.38657833;-35.54711412;496.82;167.00;
763;B1718-32;260.51232917;-32.12925000;126.06;70.40;
764;J1722+35;260.52500000;35.30000000;23.83;33.11;
765;B1718-36;260.54090417;-36.54813889;416.20;-332.00;
766;B1719-37;260.74670833;-37.20125000;99.49;104.00;
767;J1722-4400;260.69382083;-44.00922222;219.30;-302.80;
768;J1723-3659;260.78158333;-36.98727778;254.40;-219.00;
769;J1724-3149;261.18695833;-31.81777778;400.80;25.00;
770;J1726-4006;261.63904167;-40.10055556;277.00;284.00;
771;J1727-2739;261.87908333;-27.64805556;146.00;-8.00;
772;J1727-2946;261.81289554;-29.77688806;60.73;-90.30;
773;B1726-00;262.14507986;-0.12916820;41.09;20.00;
774;J1728-4028;262.11533333;-40.46944444;231.00;175.00;
775;J1730-2304;262.59029571;-23.07532084;9.63;-3.72;
776;B1727-33;262.63566257;-33.84428622;261.29;-142.00;
777;J1730-3353;262.73158333;-33.89388889;256.00;-125.00;
778;J1731-1847;262.82337426;-18.79240722;106.47;21.50;
779;B1727-47;262.92566667;-47.74340556;123.06;-443.00;
780;B1729-41;263.20833333;-41.48000000;195.30;-198.00;
781;J1732-4156;263.20358333;-41.94155556;228.70;-78.00;
782;J1732-5049;263.19902793;-50.81672087;56.82;-8.20;
783;B1730-22;263.36015701;-22.47700890;41.14;-12.00;
784;J1733-3322;263.48004167;-33.36750000;524.00;-24.00;
785;B1730-37;263.36151000;-37.28200833;153.18;-335.00;
786;J1733-4005;263.49433333;-40.09436111;317.80;-225.30;
787;B1732-02;263.69025447;-2.21085393;65.05;48.00;
788;J1734-3333;263.61208333;-33.55555556;578.00;156.00;
789;J1735-0243;263.95041667;-2.73000000;54.90;28.30;
790;B1732-07;263.77072083;-7.41448056;73.51;34.50;
791;J1736+05;264.22500000;5.80000000;42.00;44.00;
792;J1736-2457;264.18933333;-24.96388889;169.40;-106.70;
793;J1736-2843;264.17745833;-28.73083333;331.00;-491.30;
794;J1737-0811;264.44630146;-8.18580194;55.31;64.86;
795;J1737-3102;264.39054167;-31.03347222;280.00;-59.00;
796;J1737-3137;264.26787500;-31.62250000;488.10;449.60;
797;B1734-35;264.41682917;-35.92883333;89.41;50.00;
798;J1738+0333;264.72485766;3.55301852;33.77;34.70;
799;J1738-2330;264.53666667;-23.51305556;96.60;4.80;
800;J1738-2647;264.52095833;-26.79611111;182.20;-196.00;
801;J1738-2955;264.71716667;-29.93261667;223.40;-200.00;
802;B1735-32;264.72577198;-32.19823466;49.59;-18.00;
803;J1738-3316;264.64354167;-33.26711111;273.00;-118.90;
804;J1739-1313;264.99092083;-13.22183333;58.20;34.10;
805;B1736-29;264.89288333;-29.05061111;138.55;-301.00;
806;J1739-3023;264.91579167;-30.38692222;170.50;-120.00;
807;B1736-31;264.85126677;-31.52091637;596.90;32.00;
808;J1740+1000;265.10812500;10.00175000;23.90;23.80;
809;B1737+13;265.03060625;13.19908056;48.67;66.65;
810;B1737-30;265.14091667;-30.26208333;151.96;-155.90;
811;J1740-3052;265.20833750;-30.86786111;738.80;-159.00;
812;B1738-08;265.34401208;-8.67547528;74.90;124.00;
813;J1741+1351;265.37976974;13.86225441;24.20;63.50;
814;J1741-2054;265.48866667;-20.90327778;4.70;21.10;
815;J1741-2733;265.25558333;-27.56416667;147.40;-89.60;
816;J1741+2758;265.47295833;27.96916667;29.14;54.70;
817;J1741-2945;265.31029167;-29.75972222;310.30;-531.10;
818;J1741-3016;265.27933333;-30.27527778;382.00;-449.90;
819;B1737-39;265.32532917;-39.46061111;158.20;204.00;
820;J1742-4616;265.60875000;-46.28152778;115.96;-38.00;
821;B1740-31;265.90295833;-31.83963889;193.05;-215.00;
822;J1743-4212;265.77176250;-42.20066667;131.94;-20.00;
823;J1744-1134;266.12254074;-11.58186576;3.14;1.62;
824;J1744-3130;266.02367500;-31.50111111;192.90;-230.70;
825;J1744-5337;266.16216667;-53.63083333;108.85;38.00;
826;J1745-0952;266.28806167;-9.87768944;64.50;52.00;
827;J1745+1017;266.39098792;10.29792306;23.97;27.24;
828;J1745-2900;266.41735917;-29.00830444;1778.00;-66080.00;
829;J1745-2912;266.44929346;-29.20855000;1130.00;-535.00;
830;B1742-30;266.48465000;-30.67302778;88.37;97.40;
831;J1746+2245;266.50350000;22.75802778;49.85;72.30;
832;J1746+2540;266.52862500;25.67708333;51.20;94.75;
833;J1746-2849;266.51398900;-28.83705139;1456.00;10104.00;
834;J1746-2856;266.70772833;-28.94971944;1168.00;13253.00;
835;J1747-2802;266.86062500;-28.04361111;835.00;421.00;
836;J1747-4036;266.95298503;-40.61521979;152.94;-43.75;
837;B1745-12;267.07253221;-13.01446767;99.36;67.00;
838;B1745-20A;267.21953750;-20.36102778;219.40;-9.90;
839;B1744-24A;267.00939583;-24.77691667;242.15;191.20;
840;J1748-2446aa;267.02000000;-24.77916667;237.43;206.00;
841;J1748-2446ab;267.02000000;-24.77916667;242.15;171.00;
842;J1748-2446ac;267.02000000;-24.77916667;238.69;203.00;
843;J1748-2446ae;267.02000000;-24.77916667;238.61;184.00;
844;J1748-2446af;267.02000000;-24.77916667;237.35;184.00;
845;J1748-2446ag;267.02000000;-24.77916667;237.28;186.00;
846;J1748-2446ah;267.02000000;-24.77916667;237.70;184.00;
847;J1748-2446ai;267.02000000;-24.77916667;234.02;173.10;
848;J1748-2446C;267.01891667;-24.77666667;237.00;176.97;
849;J1748-2446D;267.02000000;-24.77916667;243.62;234.00;
850;J1748-2446E;267.02000000;-24.77916667;236.63;171.00;
851;J1748-2446F;267.02000000;-24.77916667;239.07;187.20;
852;J1748-2446G;267.02000000;-24.77916667;237.34;196.40;
853;J1748-2446H;267.02000000;-24.77916667;237.97;194.00;
854;J1748-2446I;267.02000000;-24.77916667;238.55;183.10;
855;J1748-2446J;267.02000000;-24.77916667;234.21;170.50;
856;J1748-2446K;267.02000000;-24.77916667;234.46;175.00;
857;J1748-2446L;267.02000000;-24.77916667;237.50;167.00;
858;J1748-2446M;267.02000000;-24.77916667;238.49;169.00;
859;J1748-2446N;267.02000000;-24.77916667;238.29;182.50;
860;J1748-2446O;267.02000000;-24.77916667;236.20;176.20;
861;J1748-2446Q;267.02000000;-24.77916667;234.24;175.40;
862;J1748-2446R;267.02000000;-24.77916667;237.38;179.00;
863;J1748-2446S;267.02000000;-24.77916667;236.22;174.00;
864;J1748-2446U;267.02000000;-24.77916667;235.47;240.00;
865;J1748-2446V;267.02000000;-24.77916667;238.71;186.10;
866;J1748-2446W;267.02000000;-24.77916667;238.92;174.30;
867;J1748-2446X;267.02000000;-24.77916667;239.81;202.00;
868;J1748-2446Y;267.02000000;-24.77916667;238.79;194.00;
869;J1748-2446Z;267.02000000;-24.77916667;238.77;200.00;
870;J1749-2629;267.29700000;-26.48611111;409.00;916.00;
871;B1746-30;267.30622054;-30.04303417;509.40;-290.00;
872;J1749-4931;267.34904167;-49.53305556;55.29;41.00;
873;B1745-56;267.43541667;-56.08861111;58.00;97.40;
874;J1750-2438;267.74911250;-24.64944444;476.00;564.00;
875;J1750-2536;267.63912500;-25.61194444;179.40;173.00;
876;B1747-31;267.69716057;-31.96226094;206.34;71.00;
877;J1750-3503;267.68542083;-35.05247222;189.35;173.00;
878;J1751-2857;267.88622165;-28.96292222;42.79;33.20;
879;J1751-3323;267.88635417;-33.39433333;296.70;-246.50;
880;B1747-46;267.92581667;-46.95736944;20.40;19.00;
881;J1752+2359;268.14758333;23.99672222;36.20;87.00;
882;J1752-2410;268.24475833;-24.17388889;508.30;-153.00;
883;B1749-28;268.24454000;-28.11036111;50.37;96.00;
884;B1750-24;268.37757946;-25.00699789;672.00;21.00;
885;J1754+0032;268.71666667;0.60916667;70.28;40.00;
886;J1754-3443;268.65571667;-34.73163889;188.70;135.00;
887;J1754-3510;268.72756667;-35.17861111;81.23;242.70;
888;B1753+52;268.59544500;52.02006778;35.01;27.94;
889;J1755-0903;268.79318333;-9.06433333;63.67;89.20;
890;J1755-2521;268.99879167;-25.35750000;252.00;34.60;
891;J1755-3716;268.89769250;-37.26966111;167.57;54.00;
892;J1756+1822;269.07326250;18.38202778;70.80;70.00;
893;J1756-2251;269.19430755;-22.86648611;121.23;-10.78;
894;B1753-24;269.24130613;-24.59286391;367.10;-130.00;
895;J1757-1854;269.26576825;-18.90093778;378.11;702.60;
896;J1757-2223;269.46155000;-22.39694444;239.30;-145.20;
897;B1754-24;269.37218150;-24.36873464;179.45;-27.00;
898;J1757-5322;269.31317292;-53.37399639;30.80;70.15;
899;J1758-1931;269.52333333;-19.52805556;207.00;295.00;
900;J1758-2540;269.63308333;-25.68027778;218.20;-207.00;
901;J1758+3030;269.60783333;30.50666667;35.07;79.54;
902;J1759-1940;269.98766667;-19.67472222;302.70;775.00;
903;B1756-22;269.85068333;-22.09250000;177.16;6.00;
904;J1759-2302;269.95512500;-23.03555556;889.00;1575.00;
905;J1759-2307;269.87893750;-23.12138889;812.60;743.00;
906;J1759-2549;269.89633333;-25.81861111;424.00;93.00;
907;J1759-2922;269.95102546;-29.36867382;79.42;197.60;
908;J1759-3107;269.84190000;-31.12272222;128.30;149.50;
909;B1758-03;270.34428333;-3.96547222;120.37;32.00;
910;J1801-1417;270.46280555;-14.29292389;57.25;232.55;
911;J1801-1855;270.34291667;-18.93027778;484.00;424.00;
912;J1801-2154;270.28616667;-21.90198611;386.00;160.00;
913;B1758-23;270.33256200;-23.07906583;1067.85;-1124.00;
914;B1757-24;270.25006667;-24.85763889;291.55;605.70;
915;B1758-29;270.44516250;-29.34391667;125.61;-62.00;
916;J1801-3210;270.35786333;-32.18159250;177.73;225.00;
917;J1802-2124;270.52223157;-21.40101361;149.59;290.20;
918;J1802-2426;270.51291667;-24.44527778;711.00;74.00;
919;J1802-3346;270.73000000;-33.77916667;217.00;236.00;
920;J1803-1857;270.99608333;-18.95527778;392.00;788.60;
921;B1800-21;270.96421042;-21.61870861;233.99;-36.10;
922;B1800-27;270.88205275;-27.20177396;165.50;-165.00;
923;J1803-3002A;270.89166667;-30.03388889;192.62;-107.00;
924;J1804-2717;271.08805453;-27.29203750;24.67;40.00;
925;J1804-2858;271.00634679;-28.97961333;232.53;-421.00;
926;B1802+03;271.29231094;3.10840942;80.86;42.00;
927;J1805-0619;271.38098333;-6.32927778;147.10;82.00;
928;J1805-1504;271.27541667;-15.07666667;225.00;213.10;
929;J1805-2948;271.42704167;-29.80000000;167.90;23.00;
930;B1804-12;271.52829745;-11.90798496;122.41;255.90;
931;J1806-1920;271.52750000;-19.33972222;683.00;1069.00;
932;J1806-2125;271.58250000;-21.46543889;747.00;724.00;
933;B1804-08;271.90844750;-8.79535278;112.38;166.00;
934;J1807-2459A;271.83481502;-24.99802819;134.00;160.40;
935;J1807-2459B;271.83696337;-25.00053194;137.15;157.00;
936;B1804-27;271.78539637;-27.25082303;312.98;-47.00;
937;J1808-0813;272.03930190;-8.21716578;151.27;77.00;
938;J1808-1020;272.19014167;-10.34675000;225.30;125.40;
939;J1808-1517;272.16287500;-15.29444444;205.00;-169.00;
940;B1805-20;272.02665192;-20.96875681;606.80;93.00;
941;J1808-3249;272.01866667;-32.82611111;147.30;289.00;
942;J1809-0743;272.39966667;-7.71705556;240.70;-44.00;
943;J1809-1429;272.43962500;-14.49027778;411.30;-40.00;
944;J1809-1917;272.42973333;-19.29391667;197.10;41.00;
945;J1809-1943;272.46286233;-19.73109208;178.00;76.00;
946;B1806-21;272.30970645;-21.15079899;381.91;256.00;
947;J1809-3547;272.36241667;-35.78833333;193.84;379.00;
948;J1810+1744;272.65533333;17.74371667;39.70;88.50;
949;J1810-1820;272.73133333;-18.34416667;452.20;110.30;
950;J1810-2005;272.74579958;-20.08563056;240.72;-15.70;
951;B1806-53;272.68530417;-53.63545306;45.00;58.00;
952;J1811-0154;272.83283333;-1.90858333;148.10;46.00;
953;J1811-0624;272.82535875;-6.41039444;158.83;20.10;
954;J1811+0702;272.83508333;7.04158333;57.80;132.30;
955;J1811-1835;272.87383333;-18.59555556;761.00;-345.00;
956;J1811-2405;272.83272521;-24.08845056;60.62;30.25;
957;J1811-2439;272.98137500;-24.66472222;167.20;-82.00;
958;J1811-4930;272.86329167;-49.50577778;44.00;42.00;
959;B1809-173;273.03003585;-17.30818717;251.40;70.60;
960;B1809-176;273.06608021;-17.56051972;509.80;342.60;
961;J1812-2102;273.08720833;-21.04333333;547.20;322.60;
962;J1813-0402;273.39556675;-4.04661739;71.35;22.10;
963;J1813-2113;273.41612500;-21.21677778;462.30;417.90;
964;J1813-2621;273.41913187;-26.36584861;122.49;142.20;
965;B1811+40;273.30533754;40.22750946;41.56;49.60;
966;J1814-0618;273.67191667;-6.30047222;168.00;93.00;
967;J1814-1649;273.65562500;-16.82444444;782.00;-857.00;
968;J1815-1738;273.81112500;-17.63523056;724.60;175.00;
969;J1816-0755;274.10226250;-7.92291667;117.90;28.00;
970;B1813-17;274.07775852;-17.48408470;520.70;82.90;
971;B1813-26;274.14749583;-26.83138889;128.12;90.00;
972;B1813-36;274.27440417;-36.30127778;94.13;66.00;
973;J1817-3837;274.25112500;-38.63325000;102.85;102.90;
974;J1818-1116;274.61020833;-11.27472222;422.00;-1221.00;
975;B1815-14;274.59902500;-14.37686389;619.65;1173.90;
976;J1818-1519;274.56083333;-15.32861111;845.00;1157.00;
977;J1818-1541;274.65633333;-15.69583333;690.00;1097.00;
978;J1818-1607;274.50080583;-16.13139025;699.20;1442.00;
979;J1819-0925;274.96059167;-9.43052778;378.00;63.00;
980;J1819-1008;274.91660833;-10.14111111;404.00;124.00;
981;J1819+1305;274.98427500;13.08756944;64.81;114.80;
982;J1819-1408;274.98666667;-14.13377778;1075.00;1969.00;
983;J1819-1510;274.97371250;-15.17238889;418.14;205.00;
984;B1818-04;275.21913917;-4.46047556;84.44;69.20;
985;J1820-0509;275.09470000;-5.16069444;102.40;77.60;
986;B1817-13;275.08233150;-13.77091020;771.00;893.00;
987;J1820-1529;275.17212500;-15.49507222;768.50;849.00;
988;B1817-18;275.16286537;-18.30090532;436.00;-70.00;
989;J1821+0155;275.41201533;1.92277583;51.75;110.33;
990;J1821+1715;275.30626250;17.26307222;60.28;109.36;
991;J1822+0705;275.57684107;7.08861714;62.20;158.00;
992;B1820-14;275.72517768;-14.00066746;649.27;897.00;
993;B1819-22;275.74564215;-22.94183603;121.20;124.00;
994;J1822+2617;275.68674583;26.29078611;64.70;120.00;
995;J1822-4209;275.54731667;-42.15305000;72.51;54.00;
996;J1823-0154;275.96727520;-1.90127008;135.87;153.00;
997;B1821+05;275.87905458;5.84008611;66.78;145.00;
998;B1820-11;275.91794458;-11.25313535;428.59;-354.00;
999;J1823-1526;275.83925000;-15.43944444;611.00;242.20;
1000;B1820-31;275.94495157;-31.11381963;50.24;95.00;
1001;J1824-0127;276.22262500;-1.46427778;63.00;29.00;
1002;J1824-0621;276.06591475;-6.36577550;131.03;81.00;
1003;B1821-11;276.12307874;-11.31183739;601.31;213.00;
1004;J1824-1159;276.23396250;-11.99816667;462.96;407.00;
1005;J1824-1423;276.23911250;-14.38480556;427.63;-305.50;
1006;B1821-19;276.00233333;-19.76760000;224.38;-302.20;
1007;B1821-24A;276.13336627;-24.86968846;119.91;82.20;
1008;B1822+00;276.31385216;0.07213930;56.62;21.00;
1009;J1825-0319;276.48313792;-3.33265833;119.56;179.90;
1010;B1822-09;276.37747500;-9.58922222;19.38;67.00;
1011;B1822-14;276.26233333;-14.78160278;352.23;-899.00;
1012;B1823-11;276.52280293;-11.52878499;320.58;229.00;
1013;B1823-13;276.55489583;-13.57966667;231.00;10.00;
1014;J1826-1526;276.55250000;-15.43416667;530.00;246.00;
1015;J1826-2415;276.65010833;-24.26513889;81.86;58.00;
1016;J1827-0750;276.76139583;-7.83866667;375.45;-401.90;
1017;J1827-0934;276.94118333;-9.57122222;259.20;-386.00;
1018;B1824-10;276.77283123;-9.97864096;430.00;-42.00;
1019;J1828-0611;277.08631250;-6.19763889;363.20;501.90;
1020;J1828+0625;277.12064458;6.41938389;22.41;20.00;
1021;J1828-1101;277.07833333;-11.03078611;605.00;59.40;
1022;J1828+1221;277.09233750;12.35580556;69.10;83.00;
1023;J1828+1359;277.22224167;13.99315556;56.00;121.90;
1024;J1828-2119;277.08983333;-21.33222222;268.00;-263.30;
1025;J1829+0000;277.44641667;0.00236111;116.80;-64.00;
1026;J1829-0734;277.27237500;-7.57277778;316.80;263.00;
1027;B1826-17;277.42973848;-17.85108318;216.83;304.70;
1028;J1829+2456;277.39444500;24.93838694;13.70;0.25;
1029;B1828-11;277.69795833;-10.99070000;159.70;47.00;
1030;J1830-1135;277.50716667;-11.59222222;257.00;249.40;
1031;J1831-0823;277.90139167;-8.38997222;245.90;54.30;
1032;J1831-0952;277.89293333;-9.86713889;247.00;0.20;
1033;J1831-1223;277.80345833;-12.39194444;342.00;-41.30;
1034;J1831-1329;277.98316667;-13.49888889;338.00;374.00;
1035;J1832-0644;278.17779167;-6.73383333;574.30;226.00;
1036;B1829-08;278.15422083;-8.45102778;300.87;12.00;
1037;J1832-0836;278.11496870;-8.61528710;28.19;38.90;
1038;B1829-10;278.17027782;-10.35910417;474.14;103.80;
1039;B1831-03;278.42456042;-3.65118278;234.54;-41.00;
1040;B1830-08;278.41778333;-8.45877778;410.95;-284.00;
1041;J1833-1034;278.38987500;-10.56875000;169.50;60.00;
1042;J1833-1055;278.49333333;-10.92527778;543.00;42.00;
1043;B1828-60;278.31166667;-60.38444444;35.00;45.50;
1044;B1831-04;278.60667774;-4.43773271;79.31;100.00;
1045;J1834-0602;278.65820833;-6.04305556;445.00;380.00;
1046;J1834-0731;278.56654167;-7.51831389;288.30;92.60;
1047;J1834+10;278.61250000;10.73333333;78.48;97.00;
1048;J1834-1202;278.59633333;-12.04066667;342.40;-253.00;
1049;J1834-1710;278.72250417;-17.18055556;123.80;226.00;
1050;J1834-1855;278.69141667;-18.93305556;185.20;52.20;
1051;J1835-0114;278.84132458;-1.24266944;98.25;115.50;
1052;B1832-06;278.77317417;-6.71843330;464.80;44.00;
1053;J1835-0944;278.94438750;-9.74088889;276.20;236.20;
1054;J1835-1020;278.98991000;-10.33458333;115.90;142.80;
1055;J1835-1106;278.82670833;-11.10447222;132.68;42.90;
1056;B1834-04;279.21579339;-4.61046591;231.50;14.90;
1057;B1834-10;279.22469117;-10.13565277;316.98;826.60;
1058;J1837-0045;279.38397519;-0.75295649;86.98;131.60;
1059;J1837-0559;279.34855000;-5.99127778;319.50;169.00;
1060;J1837-0604;279.43145833;-6.08027778;462.00;320.80;
1061;B1834-06;279.31104310;-6.88392099;316.10;-268.40;
1062;J1837+1221;279.27966667;12.36500000;100.60;173.00;
1063;J1837-1837;279.47604167;-18.61888889;100.74;138.00;
1064;J1838-0453;279.54750000;-4.89036667;617.20;-76.00;
1065;J1838-1046;279.61033333;-10.78250000;209.30;299.00;
1066;J1838+1650;279.67942500;16.83779167;32.95;72.65;
1067;J1839-0643;279.79084583;-6.72922222;493.50;-2977.00;
1068;J1840-0809;280.13902083;-8.15100556;349.80;262.60;
1069;J1840-0815;280.05731667;-8.25246667;233.20;178.70;
1070;J1840-0840;280.21625000;-8.67472222;285.20;564.50;
1071;J1840-1207;280.22409167;-12.12572222;290.90;-126.20;
1072;B1839+56;280.18557167;56.68190333;26.77;-3.85;
1073;J1841-0157;280.48419583;-1.96516667;475.00;118.00;
1074;J1841-0345;280.41116667;-3.81183333;194.32;450.50;
1075;B1838-04;280.27359583;-4.42208333;325.49;416.00;
1076;J1841-0500;280.32558333;-5.00541667;532.00;-3058.00;
1077;B1839+09;280.48316578;9.20204287;49.16;51.20;
1078;J1842-0153;280.74112500;-1.89075000;427.20;151.00;
1079;B1839-04;280.61037500;-4.00042222;195.98;326.00;
1080;J1842-0415;280.54703750;-4.26061111;183.78;-90.00;
1081;J1842-0612;280.67937500;-6.21000000;485.00;-341.00;
1082;J1842-0905;280.59229167;-9.09166667;343.40;225.20;
1083;J1843-0000;280.86652083;-0.01152778;101.80;-52.90;
1084;J1843-0211;280.87636667;-2.18411111;441.70;-84.90;
1085;J1843-0355;280.77776250;-3.93238889;797.70;239.70;
1086;J1843-0459;280.86517917;-4.99177778;444.10;349.90;
1087;J1843-0702;280.84349583;-7.04850000;228.60;186.00;
1088;J1843-0806;280.86964583;-8.11247222;215.80;167.00;
1089;J1843-1113;280.92192465;-11.22529683;59.96;8.91;
1090;J1843-1448;280.75572917;-14.80350278;114.54;255.00;
1091;J1844-0030;281.17124583;-0.50716667;603.20;173.00;
1092;J1844+0115;281.16894750;1.25971500;148.25;30.00;
1093;B1842-02;281.18739664;-2.74470269;422.13;123.00;
1094;J1844-0310;281.18950000;-3.17697222;836.10;287.10;
1095;B1841-04;281.13938487;-4.55344819;123.16;7.00;
1096;B1841-05;281.02133333;-5.64280556;411.71;16.00;
1097;B1842+14;281.22872750;14.90392222;41.49;118.65;
1098;J1845-0316;281.47041667;-3.26805556;500.00;-68.00;
1099;B1842-04;281.39462421;-4.57494968;230.80;-248.00;
1100;J1845+0623;281.28579167;6.39933333;113.00;226.40;
1101;J1845-0743;281.48826375;-7.72738056;280.93;448.40;
1102;J1845-1114;281.44074167;-11.23638889;206.70;-3.80;
1103;J1846+0051;281.68258750;0.86083333;140.00;-60.10;
1104;J1846-4249;281.50000000;-42.81666667;62.00;82.00;
1105;B1844-04;281.84517500;-4.03733333;141.98;117.00;
1106;J1847-0438;281.90802083;-4.63758333;229.00;57.00;
1107;J1847-0605;281.83779583;-6.08725000;207.90;354.00;
1108;B1845-01;282.09828958;-1.39953611;159.10;514.00;
1109;J1848+0127g;282.07916667;1.45000000;77.00;-50.10;
1110;J1848-0511;282.06254167;-5.19388889;418.00;208.00;
1111;J1848+0604;282.22759167;6.07966667;242.70;-119.80;
1112;J1848-1414;282.16314812;-14.23816322;134.47;26.00;
1113;B1845-19;282.07514437;-19.87524559;18.23;7.00;
1114;J1849-0019g;282.31250000;-0.31666667;513.20;-110.30;
1115;J1849+0127;282.43408333;1.45638889;207.30;-165.00;
1116;J1849-0317;282.49104167;-3.29194444;40.00;-31.90;
1117;J1849+0409;282.26446250;4.16175000;63.97;19.50;
1118;J1849-0614;282.43815417;-6.24208333;118.20;365.00;
1119;B1846-06;282.27681528;-6.61858543;148.17;-35.00;
1120;J1849+2423;282.39448458;24.39610444;62.27;15.18;
1121;J1850+0026;282.68810000;0.44044444;201.20;-5.40;
1122;J1850-0026;282.56130833;-0.43655556;947.00;664.00;
1123;J1850+0124;282.50422458;1.40961389;118.88;-68.90;
1124;B1848+13;282.64780660;13.59955384;60.14;154.90;
1125;J1851-0053;282.76320833;-0.88536111;24.00;-7.00;
1126;B1848+04;282.76374507;4.30333668;115.54;86.00;
1127;J1851-0633;282.92352500;-6.56344444;229.10;513.00;
1128;B1848+12;282.80506462;12.99313483;70.63;149.80;
1129;J1852-0024g;283.05833333;-0.40000000;290.00;93.80;
1130;B1849+00;283.11425541;0.53388497;787.00;341.00;
1131;J1852+0056g;283.05833333;0.93333333;905.70;-93.60;
1132;J1852+0305;283.13583333;3.08472222;320.00;264.00;
1133;J1852-0635;283.23936667;-6.60012500;173.90;414.80;
1134;J1852-2610;283.24778276;-26.17019521;56.81;-21.00;
1135;J1853-0004;283.34594583;-0.07594444;437.50;627.00;
1136;J1853+0545;283.49337917;5.76535000;197.91;79.00;
1137;J1853-0649;283.35592500;-6.82386111;44.54;34.70;
1138;J1853+1303;283.48882592;13.06223574;30.57;77.50;
1139;B1852+10;283.62222987;10.77836880;207.20;502.00;
1140;B1851-14;283.68455276;-14.35734023;130.40;103.00;
1141;J1855+0307;283.86095833;3.12227778;402.50;69.20;
1142;J1855-1436;283.97595250;-14.60249444;109.21;136.00;
1143;J1856+0102;284.11876250;1.03627778;554.00;556.90;
1144;B1853+01;284.04438151;1.22257591;96.10;-122.00;
1145;J1856+0211g;284.22083333;2.18333333;113.90;-180.70;
1146;J1856+0245;284.21208333;2.76305556;623.50;255.00;
1147;J1856+0404;284.11083333;4.07388889;341.30;-141.00;
1148;J1856-0526;284.09157083;-5.44911111;131.80;146.00;
1149;B1854+00;284.25336677;0.95465933;82.39;104.00;
1150;J1857+0143;284.38753333;1.72972222;249.40;29.40;
1151;B1855+02;284.43184331;2.21142021;506.77;423.00;
1152;J1857+0526;284.31606667;5.44130556;464.79;951.30;
1153;B1855+09;284.40162622;9.72144216;13.30;23.36;
1154;J1858-2216;284.57449667;-22.28233333;26.63;-12.00;
1155;J1859+1526;284.93495417;15.43638889;97.45;317.00;
1156;J1900-0051;285.19435000;-0.85233333;136.80;231.40;
1157;J1900-0134;285.10905833;-1.57727778;178.10;20.00;
1158;J1900+0227;285.16083333;2.45888889;201.10;-52.00;
1159;J1900+0308;285.21064500;3.14002194;249.90;49.00;
1160;B1857-26;285.19825833;-26.01216667;37.99;-9.30;
1161;J1900+30;285.07500000;30.88333333;71.84;121.00;
1162;B1851-79;285.10166667;-79.86338889;39.00;18.60;
1163;J1901+0124;285.46893750;1.41369444;314.40;354.00;
1164;B1859+01;285.39286914;1.94394890;105.39;-122.00;
1165;J1901+0254;285.31529167;2.91138889;185.00;-121.70;
1166;J1901-0312;285.31531250;-3.20819444;106.60;228.00;
1167;B1859+03;285.38242083;3.51832500;402.08;-237.40;
1168;J1901+0413;285.29291667;4.23083333;352.00;213.60;
1169;J1901+0510;285.49104167;5.17611111;429.00;1275.00;
1170;J1901+0621;285.27483333;6.35527778;94.00;-229.00;
1171;B1859+07;285.41223609;7.27633469;252.81;282.00;
1172;J1901-0906;285.47086958;-9.10309611;72.68;29.00;
1173;J1901-1740;285.32512500;-17.66666667;24.40;-20.00;
1174;J1902-0340;285.71125000;-3.67166667;114.00;241.10;
1175;B1900+05;285.67758522;5.94053304;177.49;-113.00;
1176;B1900+06;285.70948750;6.27594722;502.90;552.60;
1177;J1902+0723;285.55641667;7.39750000;105.00;-272.00;
1178;J1902-5105;285.51186754;-51.09915819;36.25;13.00;
1179;B1900+01;285.87494167;1.59403611;245.17;72.30;
1180;J1903+0327;285.77413839;3.45533586;297.52;226.00;
1181;J1903+0433g;285.82916667;4.55000000;202.60;213.20;
1182;J1903+0601;285.83697500;6.02611111;388.00;176.20;
1183;B1900-06;285.90805833;-6.53931111;195.61;203.00;
1184;J1903-0848;285.79696250;-8.81594444;66.99;4.40;
1185;J1903+2225;285.97062500;22.42008333;109.20;57.70;
1186;J1903-7051;285.91163958;-70.86207250;19.66;17.61;
1187;J1904+0004;286.05299167;0.06813611;233.61;289.00;
1188;J1904+0800;286.01458333;8.01461111;438.80;769.60;
1189;B1901+10;286.01037500;10.19294444;135.00;-98.10;
1190;J1904-1224;286.13867335;-12.40036635;118.23;28.00;
1191;B1902-01;286.36563333;-0.94466667;229.13;141.80;
1192;J1905+0616;286.27853750;6.27130556;256.05;136.50;
1193;B1903+07;286.47342570;7.15537856;245.34;272.70;
1194;J1906+0414;286.74080417;4.24151111;349.00;787.00;
1195;B1904+06;286.64685351;6.68413853;472.80;371.50;
1196;J1906+0649;286.54987500;6.83002778;249.00;-15.90;
1197;J1906+0746;286.70358333;7.77386111;217.75;150.00;
1198;J1906+1854;286.68629167;18.90236111;156.77;388.00;
1199;J1907+0249;286.92512500;2.82805556;261.00;369.00;
1200;J1907+0345;286.81059583;3.75294444;311.70;426.90;
1201;J1907+0631;286.76590000;6.52191667;429.40;435.50;
1202;J1907+0740;286.93382500;7.67294444;332.00;571.00;
1203;J1907+0918;286.84350417;9.30854444;357.80;688.80;
1204;B1905+39;286.89440000;40.03491944;30.97;5.41;
1205;J1908+0128;287.07834858;1.47297611;75.06;-35.60;
1206;J1908+0457;287.06729167;4.96138889;360.00;929.00;
1207;J1908+0500;287.02150833;5.01512500;201.42;120.60;
1208;J1908+0734;287.07087500;7.57065556;11.10;-19.00;
1209;B1907+00;287.39690678;0.13271408;112.79;-40.00;
1210;B1907+02;287.40962686;2.91407554;171.73;254.00;
1211;J1909+0616;287.46337500;6.28105556;352.00;12.00;
1212;J1909+0749;287.28416667;7.82555556;539.36;-240.90;
1213;J1909+0912;287.33295833;9.21491667;421.50;253.30;
1214;B1907+10;287.45284542;11.03417889;149.98;540.00;
1215;J1909+1450;287.36233333;14.84944444;119.50;407.90;
1216;J1909+1859;287.32751667;18.98631667;64.52;216.70;
1217;J1909-3744;287.44763451;-37.73738437;10.39;-0.66;
1218;J1910+0225;287.54316250;2.42322222;209.00;323.00;
1219;B1907-03;287.62371667;-3.16502778;205.53;152.00;
1220;B1907+03;287.53776645;3.97445134;82.93;-127.00;
1221;J1910-0556;287.56884583;-5.94163889;88.30;75.00;
1222;J1910+0714;287.57748750;7.23661111;124.06;158.00;
1223;J1910+0728;287.59199583;7.47696944;283.70;550.00;
1224;B1907+12;287.55641313;12.52782889;258.64;978.00;
1225;J1910+1256;287.54042290;12.94040385;38.07;54.40;
1226;J1911-1114;287.95534304;-11.23957806;30.97;-28.00;
1227;J1911+1347;287.98001448;13.79287662;30.99;-7.00;
1228;J1911+1758;287.98079167;17.97938611;48.98;148.40;
1229;J1912-0952;288.05103417;-9.88104111;126.35;-75.40;
1230;B1910+10;288.19304167;10.61155556;147.00;147.30;
1231;B1910+20;288.18057958;21.07609056;88.60;148.00;
1232;J1912+2525;288.07760833;25.41725556;37.85;32.65;
1233;B1911-04;288.47572292;-4.67991111;89.39;3.98;
1234;J1913+0446;288.46175000;4.76833333;109.10;-97.30;
1235;J1913+0832;288.25208333;8.53475000;355.20;484.80;
1236;J1913+1000;288.26495833;10.00066667;422.00;497.00;
1237;J1913+1011;288.33475417;10.18971389;178.80;196.00;
1238;J1913+1145;288.43283333;11.75919444;642.00;940.00;
1239;B1911+13;288.35146958;14.01459972;145.05;435.00;
1240;J1914+0219;288.59914167;2.32994444;236.00;279.20;
1241;B1911+11;288.54216667;11.36769444;100.00;360.90;
1242;J1915+0738;288.85333333;7.64205556;39.00;-6.80;
1243;J1915+0752;288.75808333;7.86922222;105.30;211.30;
1244;J1915+0838;288.80779167;8.64991667;358.00;421.50;
1245;B1913+10;288.87496250;10.16204722;241.69;430.00;
1246;B1913+16;288.86666425;16.10760744;168.77;364.50;
1247;B1913+167;288.82962409;16.78568769;62.57;172.00;
1248;J1916+0844;289.07950417;8.73527778;338.01;582.00;
1249;B1914+09;289.13476905;9.85721612;60.95;97.00;
1250;J1916+1023;289.15379167;10.38416667;341.80;402.00;
1251;B1914+13;289.24445833;13.21388889;237.01;280.00;
1252;B1915+13;289.41577667;13.89918806;94.54;233.00;
1253;B1915+22;289.43428307;22.38021094;134.75;168.00;
1254;J1918-0642;289.70013634;-6.70969457;26.59;-58.72;
1255;J1918-1052;289.70102917;-10.87955000;62.73;-47.60;
1256;B1916+14;289.59849272;14.75166717;27.20;-41.70;
1257;J1918+1541;289.53208333;15.68755556;11.50;-5.00;
1258;B1917+00;289.96113125;0.36103389;90.31;120.00;
1259;J1919+0134;289.93175000;1.58236111;191.90;47.00;
1260;J1919+2621;289.92088750;26.35818333;96.50;63.40;
1261;J1920+1040;290.23075000;10.67527778;304.00;733.00;
1262;J1920+1110;290.05545833;11.18305556;188.40;650.00;
1263;B1918+26;290.15989412;26.84400048;27.71;26.04;
1264;J1921+0137;290.37628187;1.62376083;104.93;91.00;
1265;J1921+0812;290.44876667;8.21440556;84.00;214.40;
1266;B1919+14;290.35066643;14.32140937;91.64;164.80;
1267;J1921+1929;290.34729458;19.48952750;64.76;118.00;
1268;B1918+19;290.26583304;19.81240720;153.85;160.00;
1269;B1919+20;290.46498750;20.05577778;101.00;128.20;
1270;B1919+21;290.43672917;21.88395833;12.44;-16.99;
1271;B1920+20;290.53336196;20.29925534;203.31;301.00;
1272;B1920+21;290.72304864;21.17832376;217.09;282.00;
1273;B1921+17;290.78270833;17.10261111;142.50;380.00;
1274;J1923+2515;290.84371759;25.26127254;18.86;12.34;
1275;B1922+20;291.16666667;20.66750000;226.60;343.30;
1276;J1925+1720;291.36262917;17.34091944;222.30;445.80;
1277;B1923+04;291.60196667;4.52542778;102.24;-39.50;
1278;J1926-0652;291.65433750;-6.87852778;85.30;-54.00;
1279;B1924+14;291.73844133;14.58203825;211.41;249.30;
1280;B1924+16;291.68884545;16.80910566;176.88;320.00;
1281;J1926+1857g;291.74583333;18.95000000;424.20;262.30;
1282;B1925+18;291.79342500;18.86902778;264.50;417.00;
1283;B1925+188;291.85404167;18.94355556;99.00;74.40;
1284;B1925+22;291.78366667;22.58258333;186.50;215.70;
1285;J1928-0108;292.07887500;-1.14880556;125.80;-15.00;
1286;J1928+1245;292.18914000;12.76482611;179.23;60.00;
1287;J1928+1746;292.17730417;17.77489444;176.68;203.20;
1288;J1929+0132;292.42720137;1.54626750;53.46;-71.40;
1289;B1926+18;292.31991667;18.74986111;112.00;174.00;
1290;B1927+13;292.50394583;13.26975000;207.30;-2.30;
1291;J1930+2441;292.68916017;24.68376778;69.57;90.70;
1292;J1931-0144;292.88343750;-1.73958333;38.30;-50.00;
1293;B1929+15;292.98212500;15.61597222;140.00;199.00;
1294;B1929+10;293.05857083;10.99260556;3.18;-6.87;
1295;B1929+20;293.03343136;20.34622569;211.15;10.00;
1296;B1930+22;293.09475780;22.34763525;218.90;138.90;
1297;J1932-3655;293.02553333;-36.91716111;59.88;-8.00;
1298;B1930+13;293.34387083;13.08054722;177.01;-124.80;
1299;B1931+24;293.40763705;24.61100970;106.03;114.80;
1300;J1933-6211;293.38511117;-62.19635444;11.51;9.70;
1301;J1934+2352;293.69245833;23.88219444;355.80;-35.40;
1302;J1935+1159;293.81698333;11.98588889;188.76;-83.00;
1303;B1933+16;293.94927458;16.27777389;158.52;-10.20;
1304;B1933+15;294.00633333;15.61000000;165.00;192.60;
1305;J1937+1658;294.35378546;16.97848694;105.84;-2.80;
1306;B1935+25;294.25522667;25.73706556;53.22;26.00;
1307;J1938+0650;294.47275000;6.83500000;70.80;97.50;
1308;J1938+2213;294.55908333;22.22018889;93.00;140.50;
1309;B1937+21;294.91067162;21.58308871;71.02;-7.30;
1310;B1937+24;294.77331993;24.71544632;142.88;76.20;
1311;J1941+0121;295.31682917;1.36097222;51.87;-92.00;
1312;J1941+1026;295.38472500;10.44044444;138.91;-126.30;
1313;B1937-26;295.25169583;-26.03493056;50.04;-33.50;
1314;J1942-2019;295.70975000;-20.32305556;59.90;-17.00;
1315;J1943+0609;295.87138333;6.16600000;70.76;-11.00;
1316;B1940-12;295.85617215;-12.62844944;28.92;-75.40;
1317;J1944+0907;296.03887491;9.12306353;24.35;-37.80;
1318;B1941-17;296.02183272;-17.83640601;56.32;-40.00;
1319;B1942+17;296.13250000;17.92844444;175.00;-276.60;
1320;B1942-00;296.36832210;-0.68279835;59.71;-45.00;
1321;J1945+1211;296.29816667;12.19616667;92.70;-21.40;
1322;B1943+18;296.40041667;18.57225000;217.70;28.50;
1323;B1944+17;296.72101667;18.09478889;16.14;-45.34;
1324;B1944+22;296.60370833;22.74983333;141.50;2.00;
1325;J1946+2535;296.70458333;25.59763889;248.81;57.00;
1326;J1946+2611;296.69087500;26.19700000;165.00;-83.90;
1327;B1943-29;296.71555833;-29.22975000;44.31;-28.00;
1328;J1946+3417;296.60470790;34.28741392;110.18;4.60;
1329;J1946-5403;296.64373750;-54.06180833;23.73;12.90;
1330;B1946+35;297.10419458;35.66973806;129.37;118.96;
1331;B1946-25;297.35589428;-25.40027268;23.07;-13.00;
1332;J1949+3106;297.37348942;31.10105723;164.13;230.00;
1333;J1951+1123;297.78437500;11.39033333;31.29;-52.80;
1334;B1949+14;298.02564690;14.12482869;31.51;-11.50;
1335;J1952+2630;298.15350097;26.50780119;315.32;-145.79;
1336;B1951+32;298.24252500;32.87791944;45.01;-182.00;
1337;B1952+29;298.59397500;29.38813611;7.93;-16.00;
1338;B1953+29;298.86614693;29.14539814;104.49;15.30;
1339;B1953+50;298.82818208;50.99869222;31.98;-23.84;
1340;J1956+0838;299.21775000;8.63800000;67.09;-113.50;
1341;J1957+2831;299.33082176;28.52884511;138.99;-43.70;
1342;B1957+20;299.90320783;20.80420061;29.11;-68.40;
1343;J2001-0349;300.47212500;-3.82875000;67.00;-79.00;
1344;J2001+0701;300.46232900;7.02767917;63.31;-108.70;
1345;J2002+1637;300.69904167;16.62130556;94.58;-41.30;
1346;B2000+32;300.51843645;32.28841961;142.21;-90.20;
1347;B2000+40;300.68346020;40.84830733;131.49;145.00;
1348;B2002+31;301.21785974;31.61944754;234.82;31.50;
1349;J2005-0020;301.43229006;-0.33942877;35.93;-64.90;
1350;B2003-08;301.56818750;-8.11726861;32.39;-62.00;
1351;J2007+0809;301.80625000;8.15916667;53.39;-133.30;
1352;J2007+0910;301.99209625;9.17025833;48.73;-77.80;
1353;J2007+2722;301.81595333;27.37997611;126.78;-231.82;
1354;J2008+2513;302.14784167;25.22510000;60.56;-116.60;
1355;J2010-1323;302.69133928;-13.39891535;22.16;-2.91;
1356;J2010+2845;302.52111667;28.75810278;112.47;-233.00;
1357;J2010+3051;302.51647583;30.85524778;133.76;-64.00;
1358;J2011+3331;302.77052500;33.52351111;298.58;235.60;
1359;J2013+3058;303.39272083;30.98074722;148.70;-145.00;
1360;B2011+38;303.29319583;38.76203056;238.22;78.00;
1361;J2015+0756;303.99831446;7.94334761;36.44;-72.30;
1362;J2016+1948;304.23934788;19.79766339;33.81;-121.00;
1363;J2017+0603;304.34460510;6.05154554;23.92;-59.00;
1364;J2017+2043;304.37057500;20.72552778;60.49;-163.60;
1365;J2017+5906;304.43566243;59.11304758;60.28;33.00;
1366;B2016+28;304.51597208;28.66505889;14.20;-34.90;
1367;J2019+2425;304.88312083;24.42091772;17.20;-67.60;
1368;J2021+3651;305.27275000;36.85133333;367.50;524.00;
1369;B2020+28;305.65444625;28.90641778;24.63;-75.04;
1370;J2022+3842;305.59037083;38.70411667;429.10;270.00;
1371;B2021+51;305.70780417;51.91395361;22.55;-6.73;
1372;B2022+50;305.92476143;50.62634931;32.99;44.84;
1373;J2027+0255;306.87861625;2.92721722;51.13;-115.70;
1374;B2025+21;306.81954167;21.76789722;97.09;-210.00;
1375;J2027+4557;306.81763750;45.96585556;229.59;337.00;
1376;B2027+37;307.34946892;37.73560148;190.66;-6.00;
1377;B2028+22;307.66852513;22.47272933;71.86;-192.00;
1378;J2030+3641;307.50108750;36.69087500;246.00;514.00;
1379;J2032+4127;308.05466250;41.45675278;114.67;215.00;
1380;J2033+0042;308.37966667;0.70669444;37.84;-71.20;
1381;J2033+1734;308.36463130;17.58290638;25.09;-71.51;
1382;J2033-1938;308.48083333;-19.64972222;23.47;-17.70;
1383;J2036+2835;309.19317917;28.58623333;84.22;-158.14;
1384;B2034+19;309.31058333;19.71508333;36.89;-110.70;
1385;B2035+36;309.36433630;36.35669411;93.56;252.20;
1386;J2038-3816;309.72650000;-38.27100000;33.96;20.50;
1387;B2036+53;309.51319871;53.32022770;160.20;-103.05;
1388;J2039-3616;309.81916667;-36.27138889;23.96;-14.50;
1389;J2040+1657;310.07443750;16.95846111;50.69;-98.00;
1390;J2042+0246;310.54584529;2.77066583;9.27;-21.00;
1391;J2043+1711;310.83700563;17.19136111;20.71;-73.04;
1392;J2043+2740;310.93125000;27.68222222;21.02;-96.10;
1393;J2044+4614;311.24500000;46.24833333;315.40;110.50;
1394;J2045+0912;311.44726583;9.20810000;31.78;-84.70;
1395;J2045+3633;311.25627125;36.55039017;129.53;-266.00;
1396;B2043-04;311.50072083;-4.35729333;35.80;-1.00;
1397;B2044+15;311.66390542;15.67598833;39.82;-90.20;
1398;B2045+56;311.69420492;57.14363637;101.79;1.25;
1399;J2047+5029;311.97766667;50.49393611;107.68;-121.00;
1400;B2045-16;312.14850265;-16.27904264;11.46;-10.00;
1401;J2048+4951;312.23325833;49.86472778;222.80;-196.00;
1402;J2050+1259;312.73837500;12.98583333;52.40;-80.00;
1403;J2051-0827;312.78133237;-8.46048603;20.73;-45.90;
1404;J2052+4421g;313.22083333;44.35000000;547.00;-276.70;
1405;J2053+1718;313.45617042;17.31240611;26.98;-5.00;
1406;J2053+4650;313.46928350;46.84769947;98.08;-174.00;
1407;J2053+4718;313.43954167;47.31536111;331.30;-792.00;
1408;B2048-72;313.44700000;-72.01180000;17.30;17.00;
1409;B2053+21;313.91313324;22.15756013;36.35;-89.40;
1410;B2053+36;313.88063375;36.50596361;97.42;-63.40;
1411;J2102+38;315.50000000;38.00000000;86.30;-74.00;
1412;J2108-3429;317.12704167;-34.49386111;30.22;93.10;
1413;B2106+44;317.08534167;44.69690833;139.83;-433.00;
1414;J2111+2106;317.88804167;21.10194444;59.30;-75.00;
1415;B2110+27;318.26812750;27.90032222;25.11;-60.20;
1416;B2111+46;318.35137292;46.73579000;141.26;-218.70;
1417;B2113+14;319.05730000;14.23917778;56.20;-39.00;
1418;B2122+13;321.19406041;14.12203918;30.25;-43.00;
1419;J2124-3358;321.18269201;-33.97916955;4.60;-0.40;
1420;J2129-5721;322.34488010;-57.35395752;31.85;22.72;
1421;J2136-5046;324.23997083;-50.78224444;23.30;24.00;
1422;J2138+4911;324.56250000;49.20000000;168.40;-143.00;
1423;J2139+00;324.92500000;0.60000000;31.18;11.00;
1424;J2139+2242;324.86208333;22.71166667;44.16;-87.40;
1425;J2144-3933;326.05025168;-39.56580140;3.35;-2.00;
1426;J2144-5237;326.14854167;-52.61875833;19.55;28.10;
1427;J2145-0750;326.46024803;-7.83847452;9.00;-4.40;
1428;B2148+63;327.49459708;63.49563250;129.72;-157.60;
1429;J2150-0326;327.50000000;-3.43333333;20.67;7.70;
1430;B2148+52;327.65729125;52.79709889;148.93;-19.00;
1431;J2151+2315;327.87041667;23.25355556;23.60;112.00;
1432;J2155+2813;328.81591667;28.22002778;77.13;-132.70;
1433;B2152-31;328.80671139;-31.31518860;14.85;21.00;
1434;B2151-56;328.75583333;-56.69916667;14.00;22.00;
1435;J2156+2618;329.09876667;26.30846389;48.44;-72.50;
1436;B2154+40;329.25770625;40.29610722;71.12;-42.00;
1437;J2205+1444;331.32186250;14.74202778;36.72;-25.50;
1438;J2205+6012;331.39250590;60.21531686;157.64;-85.00;
1439;J2208+4056;332.00830800;40.93384065;11.84;-40.00;
1440;J2208+5500;332.09883333;55.00233611;105.21;-87.00;
1441;J2212+2450;333.11425000;24.84288889;25.21;-35.31;
1442;B2210+29;333.09726833;29.55150306;74.52;-168.70;
1443;J2214+3000;333.66189047;30.01060878;22.54;-44.53;
1444;J2215+1538;333.91522083;15.64302222;29.24;-20.02;
1445;J2216+5759;334.02175000;57.99825000;176.00;-10.90;
1446;J2217+5733;334.47929167;57.55111111;130.67;-90.00;
1447;B2217+47;334.95057917;47.91498056;43.50;-35.93;
1448;J2222-0137;335.52487100;-1.62103475;3.28;2.60;
1449;J2222+2923;335.76343393;29.39962442;49.41;-95.70;
1450;B2224+65;336.47026125;65.59343639;36.44;-22.99;
1451;J2227+3038;336.92404167;30.63911111;19.96;-59.40;
1452;J2229+2643;337.46201841;26.73267890;22.73;-57.26;
1453;J2229+6114;337.27200000;61.23591667;205.10;-187.00;
1454;B2227+61;337.42431175;62.09333937;124.64;-105.91;
1455;J2234+0611;338.59613788;6.19130176;10.77;4.00;
1456;J2234+0944;338.69522572;9.74172844;17.83;-11.50;
1457;J2234+2114;338.73600000;21.23855556;35.08;-93.70;
1458;J2235+1506;338.93208375;15.11362778;18.09;-64.00;
1459;J2236-5527;339.21604583;-55.46356472;20.09;18.90;
1460;J2240+5832;340.17891250;58.54375556;263.50;17.10;
1461;J2241-5236;340.42511243;-52.61006655;11.41;13.30;
1462;B2241+69;340.73502715;69.84781692;40.86;-16.80;
1463;J2243+1518;340.79070000;15.30697500;42.13;-35.50;
1464;J2248-0101;342.11202458;-1.03002361;29.05;33.00;
1465;J2253+1516;343.31055417;15.27717500;29.20;-31.00;
1466;J2256-1024;344.23497058;-10.40955139;13.78;15.04;
1467;B2255+58;344.49060088;59.15412063;151.08;-323.50;
1468;J2302+4442;345.69574328;44.70613347;13.79;19.30;
1469;J2302+6028;345.54666667;60.46672778;156.70;-129.70;
1470;B2303+30;346.49300500;31.00035583;49.58;-87.00;
1471;B2303+46;346.48267500;47.12925556;62.07;-22.08;
1472;J2306+31;346.55000000;31.38333333;46.13;-81.75;
1473;J2307+2225;346.92203333;22.43058889;7.02;-11.60;
1474;B2306+55;347.05759167;55.79334167;46.54;-29.35;
1475;J2310+6706;347.67540982;67.11446723;97.70;-16.00;
1476;B2310+42;348.28592042;42.88695639;17.28;4.97;
1477;J2317+1439;349.28848492;14.65868362;21.90;-9.93;
1478;B2315+21;349.49100792;21.83000528;20.87;-37.70;
1479;J2319+6411;349.89670833;64.19048750;246.10;-48.80;
1480;B2319+60;350.48005806;60.40853163;94.59;-232.60;
1481;J2322+2057;350.59306317;20.95074367;13.38;-29.20;
1482;J2322-2650;350.64433350;-26.84953253;6.15;8.80;
1483;J2323+1214;350.84007917;12.23686111;29.00;-17.00;
1484;B2321-61;351.11308333;-60.90160944;14.00;15.60;
1485;B2323+63;351.30549833;63.28121167;197.37;-102.00;
1486;B2324+60;351.74457184;61.22679664;122.61;-220.70;
1487;B2327-20;352.61202083;-20.09156389;8.46;9.20;
1488;B2334+61;354.27400833;61.85042500;58.41;-100.00;
1489;J2340+08;355.18750000;8.55000000;24.00;-7.00;
1490;J2343+6221;355.75000000;62.35000000;116.60;-44.90;
1491;J2346-0609;356.71040750;-6.16663861;22.50;-5.00;
1492;B2351+61;358.51992917;61.92967917;94.66;-75.90;
1493;J2355+0051;358.96370208;0.85265833;11.15;-0.10;
