TAU_SC_ERR,JNAME,DM,TAU_SC,DM_ERR
,J0002+6216,218.6,,0.6
,J0006+1834,11.41,,0.55
,J0007+7303,,,
,J0011+08,24.9,,
6e-08,J0014+4746,30.405,2.5e-07,0.013
,J0021-0909,25.2,,1.0
1.2e-08,J0023+0923,14.3216,3.6e-08,0.0006
,J0024-7204C,24.5955,,0.0008
,J0024-7204D,24.7432,,0.0009
,J0024-7204E,24.236,,0.002
,J0024-7204F,24.382,,0.005
,J0024-7204G,24.436,,0.004
,J0024-7204H,24.369,,0.008
,J0024-7204I,24.43,,0.01
,J0024-7204J,24.5932,,0.0001
,J0024-7204L,24.4,,0.01
,J0024-7204M,24.43,,0.02
,J0024-7204N,24.574,,0.009
,J0024-7204O,24.356,,0.002
,J0024-7204P,24.29,,0.03
,J0024-7204Q,24.265,,0.004
,J0024-7204R,24.361,,0.007
,J0024-7204S,24.376,,0.004
,J0024-7204T,24.41,,0.02
,J0024-7204U,24.337,,0.004
,J0024-7204V,24.105,,
,J0024-7204W,24.367,,0.003
,J0024-7204X,24.539,,0.005
,J0024-7204Y,24.468,,0.004
,J0024-7204Z,24.45,,0.04
,J0024-7204aa,24.971,,0.007
,J0024-7204ab,24.37,,0.02
,J0024-7204ac,24.46,,
,J0024-7204ad,24.41,,
,J0025-19,21.3,,0.4
,J0026+6320,245.06,0.00034,0.06
,J0030+0451,4.33294,,0.00011
,J0033+57,75.65,,0.09
,J0033+61,37.7,,0.3
,J0034+69,80.01,,0.015
3.1e-08,J0034-0534,13.76517,6.3e-08,4e-05
1.1e-09,J0034-0721,10.922,3.2e-09,0.006
,J0038-2501,5.71,,0.003
,J0039+35,53.04,,0.02
,J0040+5716,92.5146,,0.0025
,J0043-73,115.1,,3.4
,J0045-7042,71.3,,0.3
,J0045-7319,104.6,,0.4
6e-08,J0048+3412,39.922,1.9e-07,0.015
,J0050+03,26.5,,
,J0051+0423,13.93,,0.09
,J0052-72,158.6,,1.6
,J0054+66,15.0,,
,J0054+69,90.3,,0.2
,J0054+6946,116.52,,0.05
1.9e-07,J0055+5117,44.0127,4.4e-07,0.0024
,J0056+4756,18.1354,,0.0013
,J0057-7201,27.0,,5.0
,J0058+4950,66.953,,0.007
,J0058+6125,128.3,,0.2
,J0058-7218,,,
,J0059+69,63.53,,0.05
,J0100+8023,56.0062,,0.0008
,J0100-7211,,,
,J0101-6422,11.921,,0.0004
,J0102+4839,53.5,,
,J0102+6537,65.853,,0.016
,J0103+54,55.605,,0.004
,J0104+64,44.6,,0.3
,J0106+4855,70.87,,0.2
,J0107+1322,21.671,,0.001
6e-08,J0108+6608,30.5482,1.6e-07,0.0014
,J0108+6905,61.0617,,0.0036
,J0108-1431,2.38,,0.19
,J0110-22,20.8,,0.3
,J0111+6624,111.2,,0.03
,J0111-7131,79.4,,0.5
,J0113-7220,125.49,,0.02
,J0115+6325,65.069,,0.004
1.9e-07,J0117+5914,49.42068,9.4e-07,0.00059
,J0121+53,91.38,,0.03
,J0122+1416,17.693,,0.003
,J0125+62,118.0,,0.5
,J0125-2327,9.5974,,0.0003
,J0131-7310,205.22,,0.06
,J0133-6957,22.948,,0.008
,J0134-2937,21.806,,0.006
,J0137+1654,26.0838,,0.0024
,J0137+6349,285.5,,0.06
,J0139+3336,21.23,,0.01
,J0139+5621,101.842,,0.032
2.6e-07,J0139+5814,73.81141,1.08e-06,0.00076
1.3e-07,J0141+6009,34.926,2.5e-07,0.004
,J0141+63,272.8,,0.02
,J0146+31,25.0,,1.0
,J0146+6145,,,
9e-08,J0147+5922,40.111,2e-07,0.003
,J0151-0635,25.66,,0.03
,J0152+0948,22.881,,0.012
,J0152-1637,11.92577,,4e-05
,J0154+1833,19.7978,,0.0001
,J0156+04,27.5,,
,J0156+3949,59.833,,0.011
1.1e-07,J0157+6212,30.21,2e-07,0.03
,J0158+21,20.0,,
,J0201+7005,21.029,,0.002
,J0205+6449,140.7,,0.3
,J0206-4028,12.9,,1.2
,J0209+5759,55.282,,
,J0210+5845,76.772,,0.006
,J0211-8159,24.36,,0.03
,J0212+5222,38.21,,0.03
,J0214+5222,22.0354,,0.0034
,J0215+6218,84.0,,0.05
,J0218+4232,61.252,,0.005
,J0220+3626,40.0,,10.0
,J0229+20,27.0,,
1.3e-07,J0231+7026,46.6794,8.2e-07,0.0016
,J0241+16,16.0,,
,J0242+62,3.92,,0.16
,J0243+6027,141.0,,0.4
,J0244+14,31.0,,
,J0248+4230,48.2634,,0.0001
,J0248+6021,370.0,,1.0
,J0250+5854,45.281,,0.003
,J0251+2606,20.2166,,
,J0255-5304,15.9,,0.5
,J0301+35,57.43,,0.15
,J0302+2252,18.9922,,0.0006
1.3e-08,J0304+1932,15.65677,2.5e-08,0.00035
,J0305+11,27.97,,0.06
,J0307+7443,6.35,,
,J0312-0921,20.5,,
,J0317+13,12.9,,0.04
,J0318+0253,25.98,,0.08
2.8e-08,J0323+3944,26.18975,9.1e-08,0.00093
,J0324+5239,115.4636,,0.0029
,J0325+6744,65.28,,0.05
,J0329+1654,40.821,,0.036
3.6e-09,J0332+5434,26.7641,2.55e-08,0.0001
9e-08,J0335+4555,47.14571,1.5e-07,0.00029
,J0335+6623,66.726,,0.002
,J0337+1715,21.3162,,0.0003
,J0337+79,16.67,,0.02
,J0340+4130,49.5865,,0.0016
,J0341+5711,101.0,,0.5
,J0343+06,46.0,,0.3
3.1e-07,J0343+5312,67.3,1.57e-06,0.06
,J0343-3000,20.2,,0.3
,J0344-0901,30.9,,0.3
,J0348+0432,40.46313,,0.00011
,J0349+2340,62.962,,0.005
,J0355+28,48.68,,0.1
,J0357+3205,,,
6.3e-07,J0357+5236,103.706,2.83e-06,0.004
,J0357-05,56.4,,0.0
,J0358+4155,46.325,,0.001
9e-08,J0358+5413,57.142,3.4e-07,0.0003
,J0358+6627,62.33,,0.01
,J0359+5414,,,
,J0401-7608,21.7,,0.1
,J0402+4825,85.7,,0.3
,J0405+3347,53.3,,0.016
,J0406+30,49.37,,0.03
3.7e-07,J0406+6138,65.4053,1.76e-06,0.0034
,J0407+1607,35.593,,0.006
,J0408+551,55.0,,
,J0408+552,63.8,,0.2
,J0410-31,9.2,,0.3
,J0413+58,57.0,,0.2
,J0414+31,64.1,,0.3
,J0415+6954,27.44598,,0.00038
,J0417+35,48.5336,,0.0012
,J0417+61,70.14,,0.11
,J0418+5732,,,
,J0418+6635,77.6,,
,J0418-4154,24.325,,0.009
,J0419+44,71.0,,
,J0420-5022,,,
,J0421+3255,77.02,,0.06
,J0421-0345,44.61,,0.09
,J0426+4933,84.3,,0.2
,J0435+2749,53.19,,0.02
,J0437-4715,2.64476,,7e-05
,J0447-04,29.83,,0.04
,J0448-2749,26.22,,0.04
,J0449-7031,65.83,,0.07
7e-07,J0450-1248,37.041,2.92e-05,0.01
,J0451-67,45.0,,1.0
7e-08,J0452-1759,39.903,5.48e-06,0.003
,J0453+1559,30.3053,,0.0003
,J0454+4529,20.834,,0.002
2.5e-08,J0454+5543,14.59002,6.3e-08,0.00015
,J0455-6951,94.7,,0.02
,J0456-69,103.0,,1.0
,J0456-7031,100.3,,0.3
,J0457+23,59.0,,
,J0457-6337,27.5,,1.0
,J0457-69,91.0,,1.0
,J0458-0505,47.806,,0.032
,J0458-67,97.0,,2.0
,J0459-0210,21.02,,0.03
,J0501+4516,,,
7e-06,J0502+4654,41.834,0.000138,0.02
,J0502-6617,68.9,,0.3
,J0506+50,43.4,,
,J0509+0856,38.3271,,0.0008
,J0509+3801,69.0794,,0.0009
,J0511-6508,25.66,,0.08
,J0514-4002A,52.14016,,0.00037
,J0514-4002B,52.076,,0.003
,J0514-4002C,52.053,,0.005
,J0514-4002D,52.219,,0.005
,J0514-4002E,51.93,,0.003
,J0514-4002F,51.62,,0.009
,J0514-4002G,50.959,,0.003
,J0514-4002H,52.226,,0.006
,J0514-4002I,52.58,,0.03
,J0514-4002J,52.017,,0.007
,J0514-4002K,51.928,,0.002
,J0514-4002L,51.245,,0.003
,J0514-4002M,51.678,,0.014
,J0514-4002N,51.068,,0.004
,J0514-4408,15.122,,0.006
,J0517+2212,18.705,,0.014
,J0518+5125,39.244,,0.002
,J0518+5416,42.33,,0.005
,J0519+44,52.0,,
,J0519-6932,118.86,,0.02
,J0520-2553,33.77,,0.03
,J0521-68,136.0,,4.0
,J0522-6847,126.45,,0.07
,J0523-7125,157.5,,
2.9e-07,J0525+1115,79.418,7.46e-06,0.013
,J0525-6607,,,
3.1e-07,J0528+2200,50.8695,6.3e-07,0.0013
,J0529-0715,87.3,,0.4
,J0529-6652,103.31,,0.07
,J0530-39,48.5,,0.2
,J0532-6639,69.2,,0.2
,J0532-69,124.0,,1.0
1.3e-06,J0533+0402,83.7,3.04e-06,0.1
,J0533+6759,57.369,,0.002
,J0533-4524,18.93,,0.02
1.4e-07,J0534+2200,56.77118,1.455e-05,0.00024
,J0534+34,24.5,,1.5
,J0534-13,74.3,,0.3
,J0534-6703,95.3,,0.1
,J0535-66,75.0,,1.0
,J0535-6935,93.7,,0.4
,J0536-7543,18.58,,0.02
,J0537-69,273.0,,1.0
,J0537-6910,,,
,J0538+2817,39.57,,0.001
,J0540+3207,61.97,,0.04
5e-05,J0540-6919,147.2,0.00205,0.1
,J0540-7125,29.41,,0.07
,J0542-68,114.0,,5.0
3.1e-07,J0543+2329,77.7026,9.4e-07,0.001
,J0543-6851,134.9,,0.6
,J0544+20,56.9,,
,J0545-03,67.2,,0.4
,J0546+2441,73.81,,0.03
,J0550+09,86.6,,
,J0554+3107,,,
,J0555+3948,36.1,,0.3
,J0555-7056,72.9,,0.1
,J0556-67,71.0,,
,J0557+1550,102.5723,,0.0005
,J0557-2948,49.033,,0.002
,J0600-5756,30.0,,8.0
7e-07,J0601-0527,80.538,1.17e-05,0.005
,J0605+3757,20.9462,,0.0004
,J0608+00,48.5,,0.3
,J0608+1635,86.08,,0.03
,J0609+2130,38.73,,0.02
,J0610-2100,60.6722,,0.0011
,J0611+04,69.9,,
,J0611+1436,43.99,,0.07
,J0611+30,45.2551,,0.0016
9e-08,J0612+3721,27.15495,1.7e-07,0.00034
,J0612+37216,39.27,,0.006
,J0613+3731,18.99,,0.012
2.3e-08,J0613-0200,38.775,7e-08,0.0005
2.2e-07,J0614+2229,96.91,1.272e-05,0.04
,J0614+83,44.2,,0.3
,J0614-3329,37.05245,,0.00014
,J0621+0336,72.53,,0.07
,J0621+1002,36.5533,,0.0007
,J0621+2514,83.633,,0.003
,J0621-55,22.0,,
,J0622+3749,,,
,J0623+0340,54.0,,4.0
2.2e-06,J0624-0424,70.835,1.9e-05,0.011
,J0625+10,78.0,,15.0
,J0627+0649,86.6,,0.08
,J0627+0706,138.25,,0.07
,J0627+16,113.0,,
,J0628+0909,88.3,,0.2
2.9e-07,J0629+2415,84.1762,1.469e-05,0.005
,J0630+19,48.1,,
,J0630-0046,97.9,,0.2
,J0630-2834,34.425,1.29e-08,0.001
,J0631+0646,195.2,,0.2
1.57e-06,J0631+1036,125.36,3.78e-06,0.01
,J0633+0632,,,
,J0633+1746,2.89,,0.02
,J0633-2015,90.7,,0.2
,J0635+0533,,,
,J0636+5128,11.108159,,
,J0636-23,59.12,,0.12
,J0636-3044,15.4589,,0.0004
,J0636-4549,26.31,,0.15
,J0641+07,52.0,,4.0
,J0645+5158,18.24835,,
,J0645+80,49.7,,0.2
3e-05,J0646+0905,147.85,0.01003,0.07
,J0646-54,40.1,,
,J0647+0913,154.7,,1.2
,J0648-27,132.5,,1.1
,J0652-0142,116.3,,1.1
,J0653+4706,25.54,,
,J0653+8051,33.31882,,0.00071
,J0656-2228,32.39,,0.17
,J0656-5449,67.5,,1.0
,J0658+0022,115.6,,0.5
3.1,J0659+1414,13.94,6.3e-08,0.09
,J0659-36,83.4,,0.2
,J0700+6418,8.77387,,0.00027
,J0702-4956,98.7,,0.1
,J0709+0458,44.2664,,0.0005
,J0709-5923,65.0,,2.0
,J0711+0931,46.238,,0.013
,J0711-6830,18.4096,,0.0002
,J0719-2545,253.89,,0.06
,J0720-3125,,,
,J0721-2038,76.01,,0.006
,J0725-1635,98.98,,0.03
,J0726-2612,69.4,,0.4
,J0729-1448,91.89,,0.07
,J0729-1836,61.293,,0.01
,J0732+2314,44.6724,,0.0001
,J0733-2345,190.2,,0.5
,J0734-1559,,,
,J0736-6304,19.4,,
,J0737-2202,95.59,,0.08
,J0737-3039A,48.916,,0.002
,J0737-3039B,48.92,,0.005
,J0738+6904,17.22,,0.02
7e-06,J0738-4042,160.896,0.000614,0.003
,J0740+6620,14.96179,,1e-05
,J0742+4110,20.82,,0.003
,J0742+4334,36.255,,0.003
7e-08,J0742-2822,73.728,5.19e-06,0.001
,J0744-2525,,,
5e-07,J0745-5353,121.38,0.0006217,0.02
,J0746-4529,134.57,,0.12
,J0747+6646,27.576,,0.003
2.9e-06,J0749-4247,104.595,2.48e-05,0.009
,J0750+57,26.7,,0.3
,J0750-6846,54.6,,0.2
,J0751+1807,30.2409,,0.0006
,J0753-0816,38.0,,
1.9e-08,J0754+3231,39.9863,3.78e-07,0.0014
,J0758-1528,63.327,,0.003
,J0758-30,86.5,,0.3
,J0802-5613,,,
,J0803+34,34.0,,2.0
,J0803-0942,21.1,,0.3
,J0804-3647,186.8,,0.2
,J0806+08,46.0,,
,J0806-4123,,,
,J0807-5421,165.03,,0.07
,J0808-3937,169.1,,0.2
1.4e-05,J0809-4753,228.3,0.00057,1.2
,J0811+37,16.95,,0.11
,J0812-3905,329.6,,0.12
,J0813+22,52.29,,0.05
1e-09,J0814+7429,5.75066,3.1e-09,0.00048
,J0815+0939,52.6589,,0.0079
,J0815+4611,11.2738,,0.0003
,J0818-3049,118.9,,0.2
,J0818-3232,131.8,,0.07
1.3e-07,J0820-1350,40.938,2.6e-07,0.003
,J0820-3826,195.5,,0.03
,J0820-3921,179.4,,0.1
7e-07,J0820-4114,113.4,7.09e-05,0.2
,J0821-4221,270.6,,0.1
,J0821-4300,,,
,J0823+0159,23.727,2.88e-08,0.006
,J0824+0028,34.5485,,0.0006
1e-08,J0826+2637,19.47633,2.1e-08,0.00018
,J0827+53,23.103,,0.001
,J0828-3417,51.6,,0.5
,J0831-4406,254.0,,0.5
,J0834-4159,240.5,,1.5
,J0834-60,20.0,,6.0
,J0835-3707,112.4,,0.14
2.1e-07,J0835-4510,67.771,3.955e-05,0.009
,J0836-4233,180.0,,
,J0837+0610,12.864,4.3e-09,0.0004
,J0837-24,142.8,,0.5
7e-08,J0837-4135,147.2,1.455e-05,0.01
,J0838-2621,116.9,,0.05
,J0838-3947,219.0,,11.0
,J0839-66,83.0,,
8e-07,J0840-5332,156.5,0.0006517,1.0
7e-06,J0842-4851,196.85,3.6e-05,0.08
,J0843+0719,36.6,,0.3
,J0843+67,20.7,,
,J0843-5022,178.47,,0.09
7e-06,J0846-3533,94.16,3.6e-05,0.11
,J0847-4316,292.5,,0.9
,J0848+16,38.0,,
,J0849+8028,34.8121,,0.0031
,J0849-6322,91.29,,0.09
,J0854+5449,18.8368,,0.0015
2.2e-06,J0855-3331,86.635,4.89e-05,0.016
,J0855-4644,236.4,,0.1
,J0855-4658,472.7,,1.2
,J0856-6137,95.0,,3.0
,J0857+3349,23.998,,0.003
2.2e-05,J0857-4424,184.429,0.000116,0.004
,J0900-3144,75.6862,,0.0007
,J0901-4624,199.3,,0.2
,J0902-6325,72.72,,0.06
7e-06,J0904-4246,145.8,8e-05,0.5
,J0904-7459,51.1,,1.6
1.5e-05,J0905-4536,196.2,0.000131,0.3
4e-08,J0905-5127,196.432,4.574e-05,0.004
,J0905-6019,91.4,,0.4
6e-08,J0907-5157,103.72,1.143e-05,
,J0908-1739,15.879,2.04e-08,0.002
7e-06,J0908-4913,180.44,5.1e-05,
,J0909-7212,54.3,,1.6
,J0910+77,,,
,J0912-3851,71.5,,0.4
,J0919-42,57.8,,
,J0919-6040,82.5,,0.3
,J0921+6254,13.15423,,0.00018
,J0921-5202,122.71,,0.003
5e-08,J0922+0638,27.2986,9.4e-08,0.0005
,J0922-4949,237.1,,0.3
,J0923-31,72.0,,20.0
5e-08,J0924-5302,152.9,1.143e-05,0.5
3e-07,J0924-5814,57.4,0.0006289,0.3
,J0927+2345,17.24,,0.12
,J0928+06,49.8,,0.5
,J0928+30,21.95,,0.09
,J0930-2301,78.3,,0.5
,J0931-1902,41.49,,0.0005
,J0932-3217,102.1,,0.5
,J0932-5327,118.56,,0.13
,J0934-4154,113.79,,0.16
7e-08,J0934-5249,100.0,8.004e-05,2.0
,J0935+33,18.35,,0.06
,J0940-5428,134.55,,0.03
,J0941-39,78.2,,2.7
,J0941-5244,157.94,,0.01
1.5e-07,J0942-5552,180.16,5.717e-05,0.02
,J0942-5657,159.74,,0.12
,J0943+1631,20.3402,,0.0018
,J0943+2253,27.2508,,0.0015
,J0944+4106,21.41,,0.03
,J0944-1354,12.497,,0.003
,J0945-4833,98.1,,0.3
6.9e-08,J0946+0951,15.31845,1.01e-07,0.0009
,J0947+2740,29.09,,0.07
,J0949-6902,93.0,,0.1
,J0951-71,77.0,,
,J0952-0607,22.411533,,1.1e-05
2.9e-06,J0952-3839,162.88,8.04e-05,0.11
2e-10,J0953+0755,2.96927,3e-10,8e-05
,J0954-5430,201.57,,0.05
5e-08,J0955-5304,156.9,3.43e-05,0.2
,J0955-6150,160.8997,,0.0002
,J0957-06,26.95,,0.02
,J0957-5432,226.1,,0.3
,J0959-4809,92.7,,1.2
,J1000+08,21.0,,
,J1000-5149,72.8,,0.3
9e-07,J1001-5507,130.32,0.0001715,0.17
,J1001-5559,159.3,,0.9
,J1001-5939,113.0,,3.0
,J1002-5559,426.0,,4.0
,J1002-5919,347.0,,2.0
,J1003-4747,98.49,,0.08
,J1005+30,17.5,,1.5
,J1006-6311,195.99,,0.05
,J1010+15,42.0,,
9e-09,J1012+5307,9.022146,2.2e-08,
,J1012-2337,22.51,,0.09
,J1012-4235,71.6515,,0.0003
,J1012-5830,294.0,,4.0
,J1012-5857,383.9,0.00263,0.1
,J1013-5934,379.78,,0.17
,J1014-48,87.0,,7.0
,J1015-5719,278.1,,0.2
,J1016-5345,66.8,,1.8
,J1016-5819,252.16,,0.07
,J1016-5857,394.48,,0.09
,J1017+3011,27.15,,0.002
7e-06,J1017-5621,438.7,9.5e-05,0.5
,J1017-7156,94.21473,,0.0001
,J1018-1523,17.17,,0.02
,J1018-1642,48.82,,0.07
,J1019-5749,1040.0,,1.0
,J1020-5921,80.0,,3.0
,J1020-6026,446.0,,0.5
,J1021-5601,212.0,,8.0
1.3e-08,J1022+1001,10.255,3e-08,0.0008
,J1022-5813,714.0,,8.0
,J1023+0038,14.325,,0.01
,J1023-5746,,,
4.3e-09,J1024-0719,6.4864,1.3e-08,0.0002
,J1028-5819,96.525,,0.002
,J1031-6117,506.8,,1.2
,J1032-5206,139.0,,4.0
8e-06,J1032-5911,418.2,0.001272,0.17
,J1034-3224,50.75,,0.08
,J1035-6345,189.7,,0.9
,J1035-6720,84.166,,0.011
7e-06,J1036-4926,136.52,1.4e-05,0.01
,J1036-6559,158.36,,0.09
,J1036-8317,27.0927,,0.0002
,J1038+0032,26.34,,0.012
,J1038-5831,72.74,,0.03
,J1041-1942,33.777,,0.01
7e-06,J1042-5521,306.5,6.5e-05,0.4
,J1043-6116,448.91,,0.02
,J1044-5737,,,
,J1045-0436,4.833,,0.01
,J1045-4509,58.1106,,0.0006
,J1046+0304,24.98,,0.08
7e-06,J1046-5813,240.2,0.000138,0.5
,J1047-3032,52.54,,0.07
,J1047-6709,116.156,,0.002
,J1048+2339,16.6544,,0.0001
,J1048-5832,128.679,,0.004
,J1048-5838,70.7,,0.9
,J1049+5822,12.364,,0.011
,J1049-5833,446.8,,1.5
,J1050-5953,,,
,J1052-5954,491.9,,0.6
,J1052-6348,167.5,,1.4
,J1054-5943,330.7,,0.6
,J1054-5946,253.9,,0.6
,J1054-6452,234.0,,4.0
,J1055-6022,590.0,,5.0
8e-05,J1055-6028,636.5,0.00236,0.1
,J1055-6236,149.7,,1.5
,J1055-6905,142.8,,0.4
,J1056-5709,436.5,,1.8
7e-07,J1056-6258,320.62,0.0006499,0.03
,J1056-7117,92.904,,0.005
,J1057-4754,60.0,,8.0
,J1057-5226,29.69,,0.01
,J1057-5851,,,
,J1057-7914,51.0,,2.0
,J1058-5957,334.0,,1.1
,J1059+6459,19.3,,0.9
4e-08,J1059-5742,108.7,2.287e-05,0.3
,J1101-6101,,,
,J1101-6424,207.3633,,0.0005
,J1102+02,27.3,,
,J1103-5403,103.9114,,0.0003
,J1103-6025,275.9,,0.3
,J1104-6103,78.506,,0.015
,J1105-4353,45.0,,
,J1105-6037,,,
,J1105-6107,271.24,,0.01
,J1106-6438,203.0,,3.0
,J1107-5907,40.75,,0.02
,J1107-5947,158.4,,1.1
,J1107-6143,406.0,,3.0
,J1110+58,26.2,,0.2
,J1110-5637,262.56,,0.06
,J1111-6039,,,
0.003,J1112-6103,595.69,0.033,0.09
,J1112-6613,249.3,,1.0
,J1112-6926,148.4,,1.0
0.0001,J1114-6100,676.7,0.0283,0.1
,J1115+5030,9.18634,1.26e-08,0.00026
,J1115-0956,16.1,,0.2
,J1115-6052,226.92,,0.05
,J1116-2444,29.6,,0.2
1e-08,J1116-4122,40.53,4.85e-06,0.03
,J1117-6154,493.6,,0.9
,J1117-6447,303.0,,6.0
,J1119-6127,704.8,,0.2
,J1119-7936,27.4,,1.4
,J1120-24,9.81,,0.13
,J1120-3618,45.119,,0.002
1.4e-06,J1121-5444,204.7,6.28e-05,0.6
,J1122-3546,39.49,,0.008
1.4e-06,J1123-4844,92.915,8e-06,0.003
,J1123-6102,439.4,,0.4
,J1123-6259,223.26,,0.03
,J1123-6651,111.196,,0.005
,J1124-3653,44.9,,
,J1124-5638,289.5,,1.6
,J1124-5916,329.2,,0.1
,J1124-6421,298.0,,3.0
,J1125+7819,12.027127,,
,J1125-5825,124.8083,,0.0004
,J1125-6014,52.92972,,4e-05
,J1126-2737,26.86,,0.007
,J1126-38,46.0,,0.2
,J1126-6054,280.27,,0.03
,J1126-6942,55.33,,0.02
,J1128-6219,675.0,,9.0
,J1129-53,77.0,,2.5
,J1130-5826,261.1,,0.7
,J1130-5925,264.4,,1.6
,J1130-6807,148.734,,0.004
,J1132+25,24.19,,0.13
,J1132-4700,123.0,,
,J1132-5627,305.7,,0.8
,J1133-6250,567.8,0.0229,0.5
,J1135-49,114.0,,20.0
,J1135-6055,,,
1e-09,J1136+1551,4.84066,3e-09,0.00034
,J1136-5525,85.111,,0.009
,J1136-6527,164.1,,1.8
,J1137+7528,29.1702,,0.0001
,J1137-6700,228.041,,0.009
0.002,J1138-6207,518.86,0.026,0.05
,J1139-6247,,,
,J1141-3107,30.77,,0.03
,J1141-3322,46.448,,0.017
,J1141-6545,116.08,,0.001
,J1142+0119,19.197,,0.001
,J1142-6230,343.8,,1.7
,J1143-5158,159.03,,0.02
,J1143-5536,185.0,,0.1
,J1144-6146,78.7,,1.3
,J1144-6217,284.7,,0.6
,J1146-6030,111.68,,0.07
,J1147-66,133.8,,
,J1148-5725,174.0,,5.0
,J1148-6415,241.0,,6.0
,J1151-6108,217.8,,0.1
,J1152-5800,191.0,,7.0
,J1152-6012,74.0,,3.0
,J1153-2117,34.8,,0.1
,J1154-19,10.69,,0.005
,J1154-6250,74.0,,6.0
,J1156-1318,28.0,,0.0
,J1156-5707,243.2,,0.1
,J1156-5909,219.2,,0.1
,J1157-5112,39.724,,0.003
4e-07,J1157-6224,325.2,0.000763,0.5
,J1159-6409,178.0,,5.0
,J1159-7910,59.24,,0.02
,J1201-6306,683.0,,3.0
,J1202-5820,145.41,,0.19
,J1203-6242,,,
,J1204-6843,133.93,,0.09
,J1207-4508,84.5,,0.5
,J1207-5050,50.64,,0.002
,J1208-6238,,,
,J1210-5226,,,
1.4e-06,J1210-5559,174.347,6.5e-06,0.003
,J1210-6322,547.0,,5.0
,J1210-6550,37.0,,6.0
,J1211-6324,333.8,,1.1
,J1214-5830,141.1,,0.7
,J1215-5328,163.0,,0.5
,J1216-50,110.0,,20.0
,J1216-6223,790.0,,1.0
,J1216-6410,47.3933,,0.0002
,J1220-6318,347.0,,3.0
,J1221-0633,16.43,,0.002
,J1222-5738,74.0,,6.0
,J1223-5856,233.0,,3.0
,J1224-6208,454.2,,0.7
,J1224-6407,97.686,,0.004
,J1225-5556,125.835,,0.007
,J1225-6035,176.1,,1.0
,J1225-6408,415.1,,0.5
,J1226+0005,18.5,,0.01
,J1226-3223,36.7,,
,J1227-4853,43.4235,,0.0007
,J1227-6208,362.913,,0.003
,J1227-63,359.0,,4.0
,J1231-1411,8.0884,,0.0004
,J1231-4609,67.4,,0.3
,J1231-5113,,,
,J1231-6303,301.0,,10.0
,J1231-6511,,,
,J1232-4742,26.0,,3.0
,J1232-6501,239.4,,0.5
,J1233-6312,414.0,,13.0
,J1233-6344,495.0,,9.0
,J1234-3630,59.29,,0.15
,J1235-54,100.0,,20.0
,J1235-6354,439.9,,1.9
,J1236-0159,19.08,,0.03
,J1236-5033,105.02,,0.11
,J1237-6725,176.5,,0.3
,J1238+2152,17.9706,,0.0031
,J1239+2453,9.25159,5.4e-09,0.00053
,J1239+32,16.85,,0.005
,J1239-48,107.6,,
,J1239-6832,94.3,,0.3
,J1240-4124,44.1,,1.2
,J1242+39,26.0,,1.0
,J1243+17,5.0,,3.0
,J1243-5735,270.6,,1.9
,J1243-6423,297.09,,0.02
,J1244-1812,15.5,,1.0
,J1244-5053,109.95,,0.12
,J1244-6359,286.0,,1.0
,J1244-6531,388.0,,2.0
,J1245-6238,336.2,,2.0
,J1246+2253,17.792,,0.003
,J1248-6344,433.0,,0.6
,J1248-6444,236.4,,1.1
,J1249-6507,215.0,,4.0
,J1251-7407,89.81,,0.05
,J1252+53,20.7,,0.03
,J1252-6314,278.4,,1.3
,J1253-5820,100.584,,0.004
,J1254-6150,95.0,,3.0
,J1255-46,42.9,,
,J1255-6131,206.5,,1.7
,J1255-62,713.0,,4.0
,J1257-1027,29.634,,0.009
,J1259-6741,94.7,,0.9
9e-09,J1300+1240,10.1655,2.2e-08,3e-05
,J1300-6602,460.0,,3.0
,J1301+0833,13.2,,
,J1301-6305,374.0,,1.0
,J1301-6310,86.1,,1.2
,J1302-3258,26.186,,0.0007
,J1302-63,875.0,,10.0
,J1302-6313,500.0,,21.0
,J1302-6350,146.73,,0.01
,J1303+38,19.0,,0.009
,J1303-6305,343.0,,3.0
,J1304+12,,,
0.0002,J1305-6203,468.78,0.0104,0.05
,J1305-6256,967.0,,3.0
4e-07,J1305-6455,505.0,0.0007064,0.3
,J1305-66,316.1,,
,J1306-4035,35.0,,
,J1306-6242,480.0,,6.0
,J1306-6617,436.9,0.00692,0.2
,J1307-6318,374.0,,8.0
,J1307-67,44.0,,2.0
,J1308+2127,,,
,J1308-23,22.357,,0.001
,J1308-4650,66.0,,10.0
,J1308-5844,205.6,,1.1
,J1309-6415,574.0,,5.0
,J1309-6526,340.0,,4.0
,J1311-1228,36.214,,0.008
,J1311-3430,37.84,,0.26
,J1312+0051,15.345,,0.001
,J1312+1810A,24.0,,1.5
,J1312+1810B,25.959,,0.0
,J1312+1810C,26.106,,0.0
,J1312+1810D,24.6,,0.0
,J1312-5402,133.0,,2.0
,J1312-5516,134.1,,1.6
,J1312-6400,93.0,,1.2
,J1313+0931,12.040623,,4.3e-05
,J1314-6101,309.0,,13.0
0.025,J1316-6232,966.4,1.099,0.3
,J1317-0157,29.39,,0.003
,J1317-5759,145.3,,0.3
,J1317-6302,678.1,,1.2
,J1319-6056,400.94,0.00145,0.04
8e-05,J1319-6105,440.6,0.00705,0.1
,J1320+67,28.0,,0.3
,J1320-3512,16.42,,0.1
1.4e-06,J1320-5359,97.1,1.02e-05,0.1
,J1321+8323,13.31624,,0.00076
,J1321-5922,383.0,,2.0
,J1322-62,733.6,,
,J1322-6241,618.8,,1.9
,J1322-6329,659.0,,9.0
,J1324-6146,828.0,,9.0
,J1324-6302,497.0,,5.0
,J1326+33,4.19,,0.02
,J1326-4728A,100.313,,0.003
,J1326-4728B,100.273,,0.003
,J1326-4728C,100.684,,0.004
,J1326-4728D,96.542,,0.003
,J1326-4728E,94.3841,,0.0009
9e-06,J1326-5859,287.17,0.002176,0.02
1.2e-06,J1326-6408,502.7,0.000876,0.4
,J1326-6700,208.97,,0.07
,J1327-0755,27.91215,,6e-05
2e-06,J1327-6222,318.48,0.004276,0.01
,J1327-6301,294.91,,0.03
,J1327-6400,679.0,,1.0
,J1328-4357,42.0,,1.0
2.9e-06,J1328-4921,118.0,5.8e-06,2.0
,J1329+13,12.0,,2.0
,J1329-6158,514.0,,11.0
,J1331-5245,148.4,,0.3
,J1332-03,27.1,,0.2
,J1332-3032,15.1,,0.19
,J1333-4449,44.3,,1.7
,J1334+10,24.0,,0.04
,J1334-5839,119.2978,,0.0009
,J1335-3642,41.82,,0.1
,J1335-5656,,,
,J1336+33,8.5,,1.0
,J1336-2522,37.39,,0.12
,J1337-4441,97.8,,0.2
,J1337-6306,777.7,,1.7
,J1337-6423,259.891,,0.008
,J1338-6204,640.3,0.0282,0.7
,J1339-4712,39.9,,0.6
,J1339-6618,241.0,,3.0
,J1340-6456,76.99,,0.13
,J1341-6023,364.6,,0.9
0.0002,J1341-6220,719.65,0.0235,0.05
,J1342+2822A,26.5,,0.1
,J1342+2822B,26.148,,0.002
,J1342+2822C,26.5,,0.1
,J1342+2822D,26.358,,0.019
,J1342+2822E,26.541,,0.0
,J1342+2822F,26.467,,0.0
,J1343+6634,30.031,,0.003
,J1344-5855,294.1,,0.6
,J1344-6059,435.0,,7.0
,J1345-6115,278.1,,2.0
,J1346-4918,74.42,,0.07
,J1347-5947,293.4,,0.5
,J1348-6307,597.0,,3.0
0.0001,J1349-6130,283.87,0.0064,0.04
,J1349-63,478.0,,3.0
,J1350-5115,90.388,,0.008
,J1350-6225,,,
,J1352-6803,214.6,,0.2
,J1354+2454,20.0,,0.0
,J1354-6249,254.0,,17.0
,J1355-5153,112.1,,0.4
,J1355-5747,229.0,,3.0
,J1355-5925,354.8,,0.9
,J1355-6206,547.0,,3.0
,J1356-5521,174.172,,0.006
,J1357-62,416.7,,0.2
,J1357-6429,128.5,,0.7
,J1358-2533,31.27,,0.01
,J1358-6025,,,
5e-07,J1359-6038,293.736,0.0009582,0.003
,J1400+21,10.5,,1.0
,J1400-1431,4.932258,,3e-06
,J1400-6325,563.0,,0.1
,J1401-6357,98.0,,0.5
,J1402+13,,,
,J1402-5021,51.0,,9.0
,J1403-0314,31.0,,
,J1403-6310,305.0,,3.0
,J1403-7646,100.6,,0.1
,J1404+1159,18.499,,0.004
,J1405-4656,13.884,,0.003
,J1405-5641,273.0,,3.0
,J1406-4233,79.7,,0.8
,J1406-5806,229.0,,3.0
0.001,J1406-6121,537.29,0.048,0.08
,J1407-6048,575.2,,1.7
,J1407-6153,645.0,,9.0
,J1409-6953,167.63,,0.3
,J1410-6132,961.0,,0.3
,J1410-7404,54.24,,0.06
,J1411+2551,12.3737,,0.0003
,J1412+7922,,,
,J1412-6111,311.8,,0.9
0.0005,J1412-6145,512.48,0.0199,0.08
0.002,J1413-6141,667.6,0.042,0.06
,J1413-6205,,,
,J1413-6222,808.1,,1.2
,J1413-6307,121.98,,0.06
,J1414-6802,153.5,,0.6
,J1415-6621,260.17,,0.07
,J1416-5033,58.5,,0.3
,J1416-6037,289.2,,1.0
,J1417-4402,55.0,,0.03
,J1418-3921,60.49,,0.01
,J1418-5945,369.0,,15.0
,J1418-6058,,,
,J1420-5416,129.6,,1.2
,J1420-5625,64.485,,0.005
,J1420-6048,360.15,,0.06
,J1421-4409,54.6403,,0.0005
,J1422-6138,,,
,J1423-6953,123.98,,0.12
,J1424-5556,198.7,,2.0
,J1424-56,32.9,,1.1
,J1424-5822,323.9,,0.6
,J1424-6438,248.0,,5.0
,J1425-5723,43.4,,1.3
,J1425-5759,325.0,,5.0
,J1425-6210,430.1,,1.7
,J1426+52,25.37,,0.02
,J1427-4158,65.4,,0.2
,J1428-5530,82.4,,0.6
,J1429-5911,,,
,J1429-5935,456.7,,2.0
,J1430+22,23.32,,0.0
,J1430-5712,149.0,,4.0
,J1430-6623,65.102,,0.004
,J1431-4715,59.3473,,0.0009
,J1431-5740,131.3766,,0.0006
,J1431-6328,228.27,,0.02
,J1432-5032,113.0,,1.0
,J1433+00,23.5,,
,J1433-6038,409.0,,2.0
,J1434+7257,12.605,,0.001
,J1434-5943,126.0,,3.0
,J1434-6006,332.0,,4.0
,J1434-6029,282.0,,3.0
,J1435-5954,44.26,,0.11
,J1435-6100,113.7819,,0.0002
,J1437-5959,549.6,,0.1
,J1437-6146,200.5,,1.3
,J1439+7655,22.29,,0.02
,J1439-5501,14.565,,0.008
,J1440-6344,124.2,,0.5
,J1441-6137,166.0,,3.0
,J1443-5122,87.0,,0.7
,J1444-5941,177.1,,1.9
,J1444-6026,367.7,,1.4
,J1446-4701,55.82787,,6e-05
,J1447-5757,,,
,J1449-5846,216.6,,1.8
,J1452-5851,260.5,,0.2
,J1452-6036,349.525,,0.001
,J1453+1902,14.057,,0.002
,J1453-6413,71.248,,0.002
,J1454-5846,116.091,,0.002
,J1455-3330,13.5697,,0.0002
,J1455-59,498.0,,
,J1456-48,133.0,,
,J1456-6843,8.613,9.8e-09,0.004
,J1457-5122,37.0,,5.0
,J1457-5900,175.0,,4.0
,J1457-5902,477.2,,1.9
,J1459-6053,,,
,J1501-0046,22.2584,,0.009
,J1501-5637,258.0,,10.0
,J1502+28,14.0,,1.5
,J1502+4653,26.6,,0.5
,J1502-5653,194.0,,0.4
,J1502-5828,584.0,,4.0
,J1502-6128,256.5,,1.4
,J1502-6752,152.242,,0.006
,J1503+2111,3.2603,,0.0041
,J1504-5621,148.6,,0.1
,J1504-5659,454.2,,1.1
,J1505-25,44.7,,0.3
,J1506-5158,61.0,,1.7
,J1507-4352,48.7,,0.5
,J1507-5800,429.5,,0.5
,J1507-6640,129.8,,0.5
2.1e-08,J1509+5531,19.6191,3.3e-08,0.0003
,J1509-5850,142.1,,0.1
,J1509-6015,423.6,,1.7
,J1510-4422,84.0,,7.0
,J1511-5414,84.76,,0.17
0.0005,J1511-5835,329.4,0.0233,0.2
,J1512-5431,219.0,,6.0
2e-05,J1512-5759,627.47,0.00714,0.01
,J1513-2550,46.8765,,0.0003
,J1513-5739,469.7,,1.0
,J1513-5908,252.5,,0.3
,J1513-5946,171.7,,0.9
,J1513-6013,322.7,,1.6
,J1514-4834,51.5,,0.8
,J1514-4946,31.00857,,8e-05
,J1514-5316,27.1,,0.3
0.0006,J1514-5925,192.51,0.0167,0.08
,J1515-5720,480.6,,0.4
,J1516-43,70.3,,
,J1517-32,25.3,,0.02
,J1517-4356,87.78,,0.12
,J1517-4636,127.0,,0.1
,J1518+0204A,30.08,,0.05
,J1518+0204B,29.47,,0.11
,J1518+0204C,29.3146,,0.0006
,J1518+0204D,29.3,,0.1
,J1518+0204E,29.3,,0.1
,J1518+0204F,29.4,,0.0
,J1518+4904,11.61139,,8e-05
,J1518-0627,27.9631,,0.0098
,J1518-3952,102.4,,0.13
,J1518-5415,167.2,,0.2
0.007,J1519-5734,654.7,0.118,0.4
,J1519-6106,221.0,,3.0
,J1519-6308,250.0,,3.0
,J1522-5525,79.0,,3.0
,J1522-5735,,,
,J1522-5829,199.9,0.00257,0.2
,J1523-3235,72.3,,0.9
,J1524-20,40.1,,0.0
,J1524-5625,152.2,,0.1
,J1524-5706,832.0,,1.0
,J1524-5819,406.6,,0.5
,J1525-5417,235.0,,3.0
,J1525-5523,124.7,,0.3
,J1525-5545,126.964,,0.0014
,J1525-5605,333.5,,0.4
,J1526-2744,,,
,J1526-5633,329.0,,4.0
,J1527-3931,48.8,,0.6
4e-05,J1527-5552,370.06,0.00043,0.05
,J1528-3146,18.163,,0.006
,J1528-4109,89.5,,0.1
,J1528-5547,269.0,,
,J1528-5838,,,
,J1529+40,6.61,,0.16
,J1529-26,44.6,,0.2
,J1529-3828,73.655,,0.002
,J1529-5355,292.0,,9.0
,J1529-5611,149.0,,10.0
,J1530-21,38.05,,0.13
,J1530-5327,49.6,,0.1
,J1530-6343,206.0,,
,J1531-4012,106.65,,0.12
,J1531-5610,110.41,,0.03
3.1e-08,J1532+2745,14.691,6.3e-08,0.016
,J1532-5308,181.0,,3.0
,J1532-56,282.0,,
,J1534-4428,137.3,,0.2
,J1534-46,64.4,,7.8
,J1534-5334,24.82,,0.01
,J1534-5405,190.82,,0.02
,J1535-4114,66.28,,0.14
,J1535-4415,110.7,,0.5
,J1535-5450,219.8,,1.4
,J1535-5848,107.0,,0.7
,J1536+17,28.0,,3.0
,J1536-30,63.6,,0.5
,J1536-3602,86.8,,0.3
,J1536-4948,38.00125,,4e-05
,J1536-5433,147.5,,1.9
,J1536-5907,316.0,,2.0
,J1537+1155,11.61944,,2e-05
,J1537-4912,69.7,,1.4
,J1537-5153,93.0,,4.0
,J1537-5312,117.687,,0.004
,J1537-5645,707.0,,5.0
,J1538+2345,14.909,,0.001
,J1538-5438,136.9,,1.7
,J1538-5519,611.0,,3.0
0.002,J1538-5551,602.67,0.022,0.06
,J1538-5621,150.0,,18.0
,J1538-5638,546.0,,7.0
,J1538-5732,152.7,,0.8
,J1538-5750,91.0,,4.0
,J1539-4828,117.0,,5.0
,J1539-5521,380.0,,5.0
,J1539-5626,175.85,,0.03
,J1539-6322,163.5,,0.3
,J1540-5736,304.5,,1.3
,J1541-42,60.0,,10.0
,J1541-5535,426.1,,0.1
,J1542-5034,91.0,,0.6
,J1542-5133,186.0,,4.0
,J1542-5303,265.7,,1.2
1.9e-07,J1543+0929,34.9758,5e-07,0.0016
,J1543-0620,18.3,9.1e-09,0.2
,J1543-5013,211.0,,3.0
,J1543-5149,50.982,,0.0004
0.0008,J1543-5459,344.99,0.0362,0.03
,J1544+4937,23.2258,,0.0001
,J1544-0713,30.73,,0.12
,J1544-5308,35.16,,0.07
,J1545-4550,68.3884,,0.0002
,J1546-3747A,92.17,,0.04
,J1546-5302,287.0,,3.0
,J1546-5925,168.282,,0.003
,J1547-0944,37.416,,0.022
,J1547-5709,95.7221,,0.0004
,J1547-5750,148.0,,4.0
,J1547-5839,222.3,,1.2
,J1548-4821,126.0,,0.5
,J1548-4927,141.2,,0.6
,J1548-5607,314.66,,0.07
,J1549+2113,24.0553,,0.0036
,J1549-4848,55.983,,0.008
,J1549-57,17.7,,3.5
,J1549-5722,102.0,,4.0
,J1550-5242,337.7,,1.8
,J1550-5317,600.0,,8.0
,J1550-5418,830.0,,50.0
,J1551-0658,21.6,,
,J1551-4424,66.5,,0.4
0.005,J1551-5310,491.6,0.131,0.7
,J1551-6214,122.0,,
,J1552+5437,22.9,,0.0005
,J1552-4937,113.803,,0.002
,J1553-5456,210.0,,7.0
,J1554+18,24.0,,
,J1554-5209,130.8,,0.3
,J1554-5512,450.0,,12.0
,J1555+01,18.5,,1.5
,J1555-0515,23.46,,0.03
,J1555-2341,51.901,,0.015
,J1555-2908,75.91,,
,J1555-3134,73.045,,0.007
,J1556-5358,436.0,,3.0
2.2e-06,J1557-4258,144.497,3.87e-05,0.002
,J1557-5151,464.0,,3.0
,J1558-5419,657.0,,3.0
,J1558-5756,127.8,,1.0
,J1558-67,105.0,,
,J1559-44,122.0,,
,J1559-4438,55.94,,0.05
,J1559-5545,212.9,,0.3
,J1600-3053,52.3282,,0.0002
4e-06,J1600-5044,262.791,0.005954,0.004
,J1600-5751,176.55,,0.08
,J1600-5916,177.0,,4.0
,J1601-50,59.0,,
,J1601-5244,273.0,,3.0
,J1601-5335,195.2,,0.6
,J1602+3901,17.259,,0.0002
,J1602-4957,319.0,,4.0
1.7e-06,J1602-5100,170.79,0.0005878,0.01
,J1603+18,29.7,,
,J1603-1655,63.22,,0.0
,J1603-2531,53.763,,0.004
,J1603-2712,46.201,,0.016
,J1603-3539,77.5,,0.4
,J1603-5312,142.0,,3.0
,J1603-5657,264.07,,0.02
,J1603-7202,38.0497,,0.0008
,J1604-3142,58.3,,0.2
,J1604-44,175.0,,
,J1604-4718,55.1,,0.08
2.9e-07,J1604-4909,140.8,1.294e-05,0.5
,J1604-7203,54.37,,0.005
,J1605+3249,,,
,J1605-5215,532.0,,4.0
,J1605-5257,34.9,,0.06
,J1607-0032,10.6823,4.8e-09,0.0001
,J1607-5140,533.0,,3.0
,J1607-6449,89.39,,0.07
,J1609-1930,37.0,,7.0
,J1609-4616,150.1,,0.6
,J1609-5158,1069.0,,8.0
,J1610-1322,49.13,,0.08
,J1610-17,52.5,,3.0
0.001,J1610-5006,410.0,0.124,0.2
,J1610-5303,380.1,,0.8
,J1611-01,27.21,,0.07
,J1611-29,83.033,,0.004
,J1611-4811,221.0,,8.0
,J1611-4949,556.8,,1.8
,J1611-5209,127.345,,0.009
,J1611-5847,79.9,,1.3
,J1612+2008,19.5082,,0.0032
,J1612-2408,49.2,,0.2
,J1612-49,439.0,,5.0
,J1612-5022,248.7,,1.5
,J1612-5136,1173.0,,12.0
,J1612-55,312.0,,8.0
,J1612-5805,171.3,,0.4
7e-06,J1613-4714,161.2,5.1e-05,0.3
,J1613-5211,360.1,,2.0
,J1613-5234,624.0,,4.0
3.1e-08,J1614+0737,21.3949,6.3e-08,0.0003
,J1614-2230,34.485,,0.0003
,J1614-23,52.4,,0.014
,J1614-3846,111.0,,
2.2e-06,J1614-3937,152.44,3.21e-05,0.02
,J1614-5048,582.4,0.0355,0.1
,J1614-5144,748.0,,13.0
,J1614-5402,300.0,,4.0
,J1615-2940,44.79,,0.14
,J1615-4958,240.7,,0.6
,J1615-5137,,,
,J1615-5444,312.6,,0.5
,J1615-5537,124.48,,0.08
,J1616-5017,194.0,,4.0
,J1616-5109,1160.0,,15.0
,J1616-5208,488.0,,3.0
,J1617-4216,163.6,,0.5
,J1617-4608,321.5,,1.2
,J1617-5055,467.0,,5.0
,J1618-36,104.0,,
,J1618-3921,117.9312,,0.0007
,J1618-4624,125.4068,,0.0011
,J1618-4723,134.7,,0.3
,J1619-3345,89.7,,0.0
,J1619-42,172.0,,
,J1620-4927,,,
,J1620-5414,71.0,,8.0
,J1621-5039,261.0,,3.0
,J1621-5243,363.0,,4.0
,J1622-0315,21.4,,
,J1622-3751,155.7,,0.2
,J1622-4332,230.68,,0.02
,J1622-4347,177.0,,3.0
,J1622-4802,364.3,,1.3
,J1622-4845,292.0,,7.0
,J1622-4944,755.0,,4.0
,J1622-4950,820.0,,30.0
,J1622-6617,88.0049,,0.0012
,J1623-0841,59.79,,0.02
,J1623-0908,68.183,,0.01
,J1623-2631,62.8633,,0.0005
4e-05,J1623-4256,295.0,0.00038,5.0
,J1623-4949,183.3,,1.0
,J1623-5005,,,
,J1624+5850,26.403,,0.002
,J1624+8643,46.55,,0.1
,J1624-39,77.5,,
,J1624-4041,,,
,J1624-4411,139.4,,1.4
,J1624-4613,224.2,,1.9
,J1624-4721,364.0,,5.0
,J1625-0021,16.497,,
1.4e-05,J1625-4048,145.0,2.9e-05,6.0
,J1625-4904,684.8,,1.7
,J1625-4913,720.0,,1.0
,J1626-44,269.2,,
,J1626-4537,237.0,,0.7
,J1626-4807,817.0,,6.0
,J1626-6621,84.11,,0.05
,J1627+1419,32.16696,,0.00084
,J1627+3219,,,
,J1627-4706,456.1,,1.8
,J1627-4845,557.8,,0.7
,J1627-49,594.0,,16.0
,J1627-51,201.0,,4.0
,J1627-5547,166.2,,0.9
,J1627-5936,99.3,,0.2
,J1628+4406,7.32981,,2e-05
,J1628-3205,42.1,,
,J1628-4804,952.0,,3.0
,J1628-4828,1209.0,,15.0
,J1629+33,35.0,,0.4
,J1629+43,7.37,,0.05
,J1629-3636,101.0,,1.0
,J1629-3825,127.9,,0.1
,J1629-6902,29.4948,,0.0002
,J1630+3550,17.45494,,8e-05
,J1630+3734,14.18009,,7e-05
,J1630-2609,76.6,,1.3
9e-05,J1630-4719,487.2,0.00571,0.1
0.002,J1630-4733,509.3,0.34,0.2
,J1631-1612,33.77,,0.02
,J1631-4155,235.0,,4.0
,J1632-1013,89.9,,0.2
,J1632-4509,412.0,,4.0
7e-05,J1632-4621,559.83,0.01685,0.07
,J1632-4757,574.2,,0.5
,J1632-4818,758.0,,5.0
,J1633-2009,48.19,,0.06
8e-05,J1633-4453,472.22,0.01959,0.03
,J1633-4805,1120.0,,9.0
,J1633-5015,398.41,0.0049,0.08
,J1634+02,,,
,J1634-4229,337.9,,1.0
,J1634-49,649.0,,12.0
,J1634-5107,372.8,,2.0
,J1634-5640,148.0,,0.1
,J1635+2332,37.568,,0.006
6e-08,J1635+2418,24.2671,1.6e-07,0.0044
,J1635-1511,54.0,,8.0
,J1635-4513,416.0,,5.0
,J1635-4735,,,
,J1635-4944,474.0,,6.0
,J1635-5954,134.9,,1.3
,J1636-2614,92.72,,0.13
,J1636-4440,449.0,,1.0
,J1636-4803,503.0,,7.0
,J1636-4933,542.7,,1.5
,J1637-4335,608.0,,8.0
,J1637-4450,470.7,,0.8
,J1637-4553,193.23,,0.07
,J1637-46,660.4,,
,J1637-4642,419.1,,0.3
,J1637-4721,448.0,,7.0
,J1637-4816,738.0,,2.0
,J1638+4005,33.417,,0.001
,J1638-35,115.1,,0.2
,J1638-3815,238.0,,1.1
,J1638-3951,249.0,,4.0
,J1638-4233,406.0,,
,J1638-4344,237.0,,3.0
,J1638-44,494.0,,5.0
,J1638-4417,436.4,,0.3
0.001,J1638-4608,423.1,0.017,0.1
,J1638-4725,552.1,,1.4
,J1638-5226,170.1,,1.5
,J1639-4359,258.9,,1.6
7e-06,J1639-4604,258.91,0.00019,0.04
,J1640+2224,18.42881,,0.00012
,J1640-4631,,,
,J1640-4648,474.0,,3.0
0.001,J1640-4715,586.32,0.056,0.06
0.0006,J1640-4951,407.4,0.0144,0.2
4e-08,J1641+3627A,30.4386,1.3e-07,0.0005
,J1641+3627B,29.4456,,0.0006
,J1641+3627C,30.132,,0.0002
,J1641+3627D,30.451,,0.003
,J1641+3627E,30.54,,0.02
,J1641+3627F,30.366,,0.004
,J1641+8049,31.0896,,3e-05
,J1641-2347,27.7,,0.3
,J1641-5317,,,
,J1643+1338,35.821,,0.001
,J1643-1224,62.3975,,0.0004
,J1643-4505,478.6,,0.6
,J1643-4522,482.0,,4.0
,J1643-4550,450.8,,1.7
,J164310,75.85,,0.02
,J1644-33,130.3,,0.1
,J1644-44,535.1,,
5e-05,J1644-4559,478.66,0.01016,0.04
,J1644-46,405.8,,
,J1644-4657,718.0,,6.0
,J1645+1012,36.17129,,0.00019
3.1e-08,J1645-0317,35.7555,9.4e-08,0.0008
,J1646-1910,55.0,,6.0
,J1646-2142,29.735,,0.006
,J1646-4308,595.0,,15.0
,J1646-4346,490.4,0.0229,0.3
,J1646-5123,279.0,,3.0
,J1646-6831,43.0,,2.0
,J1647+6608,22.55,,0.07
,J1647-3607,228.5,,0.05
,J1647-4552,,,
2.2e-06,J1648-3256,128.278,3.21e-05,0.006
,J1648-4458,925.0,,6.0
,J1648-4611,392.3,,0.3
,J1648-6044,106.2,,0.1
,J1649+2533,34.4622,,0.0078
,J1649-3012,,,
,J1649-3805,213.8,,0.5
,J1649-3935,290.0,,7.0
,J1649-4349,398.6,,1.2
,J1649-4653,331.0,,1.0
,J1649-4729,540.2,,1.8
,J1649-5553,180.4,,1.1
,J1650-1654,43.25,,0.15
,J1650-4126,251.5,,0.5
0.007,J1650-4341,672.8,0.066,0.4
,J1650-4502,320.2,,0.3
,J1650-4601,,,
,J1650-4921,229.3,,0.3
,J1651+14,48.0,,10.0
,J1651-1709,33.46,,0.06
,J1651-4246,482.0,,3.0
,J1651-4519,562.0,,6.0
2.9e-06,J1651-5222,179.1,4.89e-05,0.6
,J1651-5255,164.0,,2.0
,J1651-7642,59.9,,0.9
6e-08,J1652+2651,40.80244,2.5e-07,0.00017
,J1652-1400,49.5,,1.3
,J1652-2404,68.41,,0.03
,J1652-4406,786.0,,10.0
,J1652-4838,188.1559,,0.0008
,J1653-0158,,,
,J1653-2054,56.5213,,0.0003
,J1653-3838,207.2,0.00204,0.2
,J1653-4030,425.0,,8.0
,J1653-4105,419.4,,1.2
0.0002,J1653-4249,416.1,0.0209,1.1
,J1653-4315,337.0,,6.0
,J1653-45,207.0,,9.0
,J1653-4854,354.0,,6.0
,J1654-23,74.5,,2.5
,J1654-26,103.3,,0.2
,J1654-2713,92.31,,0.12
,J1654-3710,302.0,,1.2
,J1654-4140,307.0,,3.0
,J1654-4245,950.0,,1.0
,J1655-3048,154.1,,0.14
,J1655-3844,365.0,,11.0
,J1656+00,46.9,,
,J1656+6203,35.262,,0.003
,J1656-3621,229.0,,3.0
,J1657+3304,23.9746,,0.0006
,J1657-0406A,43.9,,0.0
,J1657-0406B,43.355,,0.0
,J1657-4432,375.3,,1.6
,J1658+3630,3.04387,,3e-05
,J1658-2823,85.5,,0.0
,J1658-4306,845.0,,11.0
,J1658-47,533.0,,5.0
,J1658-4958,193.4,,1.3
,J1658-5324,30.8301,,0.0006
,J1659-1305,60.37,,0.07
,J1659-4316,640.9,,2.0
,J1659-4439,535.0,,3.0
,J1659-54,134.0,,15.0
,J1700-0954,64.1,,1.1
7e-06,J1700-3312,166.97,2.9e-05,0.09
,J1700-3611,232.7,,1.2
,J1700-3919,354.3,,1.8
,J1700-4012,385.0,,4.0
0.004,J1700-4422,404.9,0.075,0.9
,J1700-4939,278.0,,3.0
,J1701-3006A,114.9654,,0.0084
,J1701-3006B,115.21,,0.38
,J1701-3006C,114.5619,,0.0069
,J1701-3006D,114.224,,0.011
,J1701-3006E,113.792,,0.022
,J1701-3006F,113.291,,0.034
,J1701-3006G,113.679,,0.007
,J1701-3130,130.73,,0.06
0.0004,J1701-3726,303.4,0.004,0.5
,J1701-4533,526.0,0.00912,0.6
,J1701-4958,230.0,,5.0
,J1702-3932,530.0,,4.0
0.0007,J1702-4128,365.75,0.0255,0.08
,J1702-4217,629.0,,5.0
,J1702-4306,538.4,,0.5
,J1702-4310,377.6,,0.3
,J1702-4428,395.0,,8.0
,J1703-18,46.0,,
,J1703-1846,49.551,,0.015
7e-07,J1703-3241,110.306,3.43e-05,0.014
,J1703-38,375.0,,12.0
,J1703-4442,280.2,,1.9
7e-06,J1703-4851,150.29,7.3e-05,0.03
,J1704-3756,405.7,,0.6
,J1704-5236,170.0,,
,J1704-6016,54.0,,5.0
,J1705-04,42.951,,0.009
,J1705-1903,57.50473,,7e-05
,J1705-1906,22.907,,0.003
2.2e-05,J1705-3423,146.4,0.000299,0.07
,J1705-3936,598.0,,5.0
1.1e-05,J1705-3950,207.25,0.004846,0.01
,J1705-4108,1077.0,,6.0
,J1705-4331,185.24,,0.05
,J1705-6135,95.0,,5.0
,J1706+59,30.8,,0.4
,J1706-3839,626.0,,7.0
,J1706-4310,656.1,,1.8
,J1706-4434,467.0,,0.6
,J1706-6118,76.13,,0.06
,J1707+35,19.24,,0.007
0.0002,J1707-4053,351.78,0.0952,0.08
,J1707-4341,398.2,,0.8
,J1707-4417,380.0,,10.0
,J1707-4729,268.3,,0.4
,J1708+02,29.0,,
9e-05,J1708-3426,188.7,0.00087,0.2
,J1708-3506,146.7636,,0.0014
,J1708-3641,316.0,,3.0
,J1708-3827,788.0,,3.0
,J1708-4008,,,
,J1708-4522,454.0,,3.0
,J1708-52,102.6,,
,J1708-7539,37.0,,5.0
,J1709+2313,25.3474,,0.0002
4e-08,J1709-1640,24.891,8e-08,0.001
,J1709-3626,393.6,,1.1
,J1709-3841,356.0,,3.0
,J1709-43,228.0,,20.0
,J1709-4342,281.0,,14.0
,J1709-4401,225.8,,0.4
,J1709-4429,75.593,,0.003
,J1710+4923,7.08493,,2e-05
,J1710-2616,110.0,,0.2
,J1710-37,346.0,,15.0
,J1710-4148,461.0,,3.0
,J1711-1509,59.88,,0.03
,J1711-3826,376.0,,7.0
,J1711-4322,191.5,,0.7
,J1711-5350,106.1,,0.7
,J1712-2715,91.78,,0.07
,J1712-391,525.0,,3.0
,J1712-392,713.0,,3.0
6e-09,J1713+0747,15.9904,1.3e-08,0.0005
,J1713+7810,36.977,,0.003
,J1713-3844,544.0,,5.0
,J1713-3949,342.0,,2.0
,J1714-1054,51.0,,3.0
,J1714-3810,,,
,J1714-3830,,,
,J1715+46,19.82,,0.05
,J1715-3247,164.0,,3.0
,J1715-3700,449.0,,11.0
0.009,J1715-3859,806.2,0.228,0.6
,J1715-3903,314.0,,0.6
,J1715-4034,254.0,,7.0
,J1715-4254,407.0,,9.0
,J1716+34,,,
,J1716-3720,682.7,,1.7
,J1716-4005,435.0,,3.0
,J1716-4111,245.8,,0.5
,J1716-4711,287.06,,0.06
,J1717+03,25.6,,
,J1717+4308A,35.45,,
2e-05,J1717-3425,583.46,0.01982,0.01
0.0005,J1717-3737,522.7,0.0357,0.05
,J1717-3847,707.0,,6.0
,J1717-3953,466.0,,8.0
,J1717-4043,452.6,,1.2
,J1717-40435,539.0,,5.0
,J1717-4054,306.9,0.021,0.1
,J1717-5800,125.22,,0.14
,J1718-3714,833.0,,21.0
,J1718-3718,371.1,,1.7
,J1718-3825,247.46,,0.06
,J1718-41,354.0,,7.0
,J1718-4539,254.0,,6.0
,J1719-1438,36.7752,,0.0005
,J1719-2330,101.0,,
,J1719-3458,530.0,,0.3
9e-05,J1719-4006,386.12,0.0051,0.04
,J1719-4302,297.7,,0.6
,J1720+00,46.2,,
,J1720+2150,40.719,,0.035
,J1720-0212,66.98,,0.04
,J1720-1633,44.83,,0.03
,J1720-2446,104.3,,0.2
,J1720-2933,42.64,,0.03
,J1720-36,341.0,,1.0
0.0002,J1720-3659,378.97,0.0126,0.03
,J1721-1936,75.7,,0.3
,J1721-1939,103.0,,2.0
,J1721-2457,48.2341,,0.0006
0.0007,J1721-3532,496.82,0.1134,0.04
,J1722+35,23.83,,0.06
1.4e-06,J1722-3207,126.064,0.0001016,0.008
,J1722-3632,416.2,0.00977,0.2
,J1722-3712,99.49,,0.03
,J1722-4400,219.3,,0.5
,J1723-2837,19.688,,0.013
,J1723-2852,172.0,,6.0
7e-06,J1723-3659,254.4,0.002381,0.1
,J1723-38,472.0,,2.0
0.002,J1724-3149,400.8,0.04,0.3
,J1724-35,554.9,,9.9
,J1724-3505,875.0,,3.0
,J1724-4500,182.0,,3.0
,J1725-0732,58.72,,0.06
,J1725-2852,161.0,,10.0
0.002,J1725-3546,738.3,0.05,0.4
,J1725-3848,230.0,,11.0
,J1725-3853,158.2,,0.7
,J1725-4043,203.0,,3.0
,J1726-00,57.0,,
,J1726-31,264.4,,
,J1726-3530,718.0,,4.0
,J1726-3635,539.2,,0.7
,J1726-4006,277.0,,3.0
,J1726-52,119.7,,
,J1727-1609,,,
,J1727-2739,146.0,,0.3
,J1727-29,93.0,,10.0
,J1727-2946,60.7336,,0.0014
,J1727-2951,215.1,,0.3
,J1728-0007,41.09,,0.03
,J1728-3733,281.5,,0.7
,J1728-4028,231.0,,10.0
,J1729-2117,34.22,,0.02
,J1730-2304,9.6257,,0.0005
,J1730-2900,289.0,,5.0
0.0004,J1730-3350,261.29,0.021,0.04
,J1730-3353,256.0,,10.0
,J1730-34,628.0,,5.0
,J1731-1847,106.4711,,0.0006
0.0005,J1731-3123,354.5,0.0151,0.2
,J1731-33,571.0,,9.0
,J1731-3322,877.4,,
1.4e-06,J1731-4744,123.056,6.43e-05,0.004
,J1732-1930,72.43,,0.14
,J1732-3131,15.44,,0.32
,J1732-3426,513.5,,1.8
,J1732-35,340.0,,2.0
,J1732-3729,317.0,,3.0
2.9e-05,J1732-4128,195.3,0.00019,0.4
,J1732-4156,228.7,,1.5
,J1732-5049,56.8209,,0.0004
,J1733-01,61.98,,0.08
,J1733-2228,41.14,,0.03
,J1733-2533,242.0,,5.0
,J1733-2837,225.0,,5.0
,J1733-3030,636.0,,3.0
,J1733-3322,524.0,,1.7
,J1733-3716,153.18,,0.08
,J1733-4005,317.8,,1.1
,J1733-5515,83.9,,0.8
,J1734-0212,65.05,,0.09
,J1734-2415,126.3,,0.7
,J1734-2859,313.9,,0.9
,J1734-3058,260.0,,1.4
,J1734-3333,578.0,,9.0
,J1735+6320,41.853,,0.001
,J1735-0243,54.9,,0.2
,J1735-0724,73.512,,0.004
,J1735-3258,758.0,,3.0
,J1736+05,42.0,,8.0
,J1736-2457,169.4,,0.7
,J1736-2819,261.0,,11.0
,J1736-2843,331.0,,10.0
,J1736-3422,,,
,J1736-3511,106.0,,3.0
,J1737-0314A,82.1,,0.0
,J1737-0314B,81.0,,0.0
,J1737-0314C,80.0,,0.0
,J1737-0314D,78.8,,0.0
,J1737-0314E,80.4,,0.0
,J1737-0811,55.306,,0.0011
,J1737-3102,280.0,,6.0
,J1737-3137,488.1,,0.4
,J1737-3320,804.0,,5.0
,J1737-3555,89.41,,0.04
1.4e-08,J1738+0333,33.77312,5.6e-08,4e-05
,J1738+04,23.6,,
,J1738-2330,96.6,,1.3
,J1738-2647,182.2,,1.6
,J1738-2736,323.6,,0.7
,J1738-2955,223.4,,0.6
,J1738-3107,735.0,,10.0
,J1738-3211,49.59,,0.04
,J1738-3316,273.0,,4.0
,J1739+0612,95.52,,0.04
,J1739-1313,58.2,,0.5
,J1739-2521,186.4,,
,J1739-2903,138.55,,0.02
,J1739-3023,170.5,3.877e-05,0.1
,J1739-3049,573.2,,2.1
0.0002,J1739-3131,596.9,0.0682,0.1
,J1739-3159,337.0,,5.0
,J1739-3951,24.6,,0.4
8e-06,J1740+1000,23.897,0.001108,0.025
1.3e-07,J1740+1311,48.66823,6.3e-07,0.00043
,J1740+27,35.46,,0.05
,J1740-2540,333.0,,5.0
0.0008,J1740-3015,151.96,0.0011,0.01
0.0001,J1740-3052,738.8,0.0121,0.05
,J1740-3327,274.1,,1.5
,J1740-5340A,71.8,,0.2
,J1741+1351,24.19871,,0.00014
,J1741+2758,29.14487,,0.00011
,J1741+3855,47.224,,0.002
1.4e-06,J1741-0840,74.9,1.75e-05,0.05
,J1741-2019,74.9,,0.4
,J1741-2054,4.7,,0.1
,J1741-21,150.7,,0.7
,J1741-2719,361.9,,0.4
,J1741-2733,147.4,,0.2
,J1741-2945,310.3,,1.2
,J1741-3016,382.0,,6.0
,J1741-34,241.0,,8.0
2.9e-06,J1741-3927,158.2,0.0001257,0.13
,J1742-0203,81.89,,0.03
,J1742-3321,,,
,J1742-3957,220.0,,8.0
,J1742-4616,115.96,,0.14
,J1743+05,56.1,,
,J1743-0339,30.26,,0.11
4e-07,J1743-1351,116.3,2.8e-06,0.03
,J1743-2442,239.0,,5.0
0.00017,J1743-3150,193.05,0.00216,0.07
,J1743-3153,505.7,,1.2
,J1743-35,174.0,,5.0
,J1743-4212,131.94,,0.05
,J1744-1134,3.13849,,0.00012
,J1744-1610,66.67,,0.14
,J1744-2335,96.66,,0.02
9e-06,J1744-3130,192.9,0.001634,0.7
,J1744-3922,148.1,,0.7
,J1744-5337,108.85,,0.74
,J1744-7619,,,
,J1745+1017,23.9711,,0.0003
,J1745+1252,66.141,,0.005
,J1745+42,38.0,,0.03
,J1745-0129,89.3,,0.3
,J1745-0952,64.501,,0.004
,J1745-2229,299.0,,3.0
,J1745-23,244.94,,0.09
,J1745-2758,422.0,,9.0
0.2,J1745-2900,1778.0,1.3,3.0
,J1745-2910,1088.0,,
,J1745-2912,1130.0,,20.0
1.4e-06,J1745-3040,88.373,2.7e-05,0.004
,J1745-3812,163.6,,0.2
,J1746+2245,49.8543,,0.0057
,J1746+2540,51.2044,,0.0033
,J1746-2849,1456.0,,3.0
,J1746-2850,962.7,,0.7
,J1746-2856,1168.0,,7.0
,J1746-3239,,,
,J1747-1030,128.0,,7.0
,J1747-2647,570.0,,9.0
,J1747-2802,835.0,,14.0
,J1747-2809,1133.0,,3.0
,J1747-2958,101.5,,0.1
,J1747-4036,152.9407,,0.0008
1.51e-06,J1748-1300,99.364,3.46e-06,0.006
,J1748-2021A,219.4,,0.2
,J1748-2021B,220.922,,0.011
,J1748-2021C,226.95,,0.06
,J1748-2021D,224.98,,0.03
,J1748-2021E,224.1,,0.04
,J1748-2021F,220.43,,0.08
,J1748-2444,207.33,,0.09
,J1748-2446A,242.15,0.000132,0.04
,J1748-2446C,237.0,,1.0
,J1748-2446D,243.83,,
,J1748-2446E,236.84,,
,J1748-2446F,239.18,,
,J1748-2446G,237.57,,
,J1748-2446H,238.13,,
,J1748-2446I,238.73,,
,J1748-2446J,234.35,,
,J1748-2446K,234.81,,
,J1748-2446L,237.74,,
,J1748-2446M,238.65,,
,J1748-2446N,238.47,,
,J1748-2446O,236.38,,
,J1748-2446P,238.79,,
,J1748-2446Q,234.5,,
,J1748-2446R,237.6,,
,J1748-2446S,236.26,,
,J1748-2446T,237.7,,
,J1748-2446U,235.5,,
,J1748-2446V,239.11,,
,J1748-2446W,239.14,,
,J1748-2446X,240.03,,
,J1748-2446Y,239.11,,
,J1748-2446Z,238.85,,
,J1748-2446aa,237.42,,
,J1748-2446ab,238.34,,
,J1748-2446ac,238.72,,
,J1748-2446ad,235.6,,0.1
,J1748-2446ae,238.75,,
,J1748-2446af,237.34,,
,J1748-2446ag,237.75,,
,J1748-2446ah,237.75,,
,J1748-2446ai,233.9,,
,J1748-2446aj,238.633,,0.006
,J1748-2446ak,236.705,,0.005
,J1748-2446al,236.48,,0.03
,J1748-2446an,237.736,,0.008
,J1748-244am,238.193,,0.003
,J1748-30,584.0,,5.0
,J1748-3009,420.2,,
,J1749+16,59.6,,
,J1749+5952,45.0694,,0.0004
,J1749-2146,260.0,,20.0
,J1749-2347,344.0,,4.0
,J1749-2629,409.0,,11.0
,J1749-3002,509.4,0.00646,0.3
,J1749-4931,55.29,,0.49
,J1749-5417,69.0,,
,J1749-5605,58.0,,5.0
,J1750+07,55.4,,
,J1750-2043,239.0,,7.0
,J1750-2438,476.0,,5.0
,J1750-2444,331.0,,4.0
,J1750-2536,179.395,,0.009
,J1750-28,388.0,,12.0
,J1750-3157,206.34,,0.04
5e-05,J1750-3503,189.35,0.00037,0.02
,J1750-3703A,233.82,,0.03
,J1750-3703B,234.391,,0.009
,J1750-3703C,230.67,,0.02
,J1750-3703D,230.09,,0.17
,J1751-2516,556.0,,3.0
,J1751-2737,260.0,0.0018,
,J1751-2857,42.789,,0.0005
4e-05,J1751-3323,296.7,0.09374,0.6
,J1751-4657,20.4,1.33e-08,0.4
9e-08,J1752+2359,36.19635,1.8e-07,0.0006
,J1752-2410,508.3,,0.9
8e-09,J1752-2806,50.372,1.02e-06,0.008
,J1752-2821,516.3,,1.3
,J1753-12,73.2,,5.2
,J1753-1914,105.3,,0.3
,J1753-2240,158.6,,0.4
0.0004,J1753-2501,672.0,0.3288,3.0
,J1753-28,18.0,,0.9
,J1753-2819,298.4,,
,J1753-38,167.6,,0.2
,J1754+0032,70.2804,,0.0007
,J1754+5201,35.0096,,0.0064
,J1754-2422,738.0,,6.0
,J1754-3014,89.7,,0.07
,J1754-3443,188.7,,0.09
,J1754-3510,81.23,,0.1
,J1755-0903,63.67,,0.05
,J1755-1650,159.9,,1.0
,J1755-2025,364.3,,0.5
,J1755-2521,252.0,,4.0
,J1755-25211,835.0,,5.0
,J1755-2534,590.0,,3.0
,J1755-2550,750.9,,0.4
,J1755-26,405.0,,4.0
,J1755-2725,115.1,,0.07
,J1755-33,266.5,,
,J1755-3716,167.566,,0.005
,J1756+1822,70.8,,
,J1756-2225,329.0,,1.0
,J1756-2251,121.2312,,0.0003
,J1756-2435,367.1,0.0295,0.4
,J1756-25,706.0,,8.0
,J1756-2619,534.0,,2.0
,J1757-1500,150.0,,
,J1757-16,132.2,,0.1
,J1757-1854,378.111,,0.013
,J1757-2223,239.3,,0.4
7e-07,J1757-2421,179.454,0.0004116,0.011
,J1757-2745,334.0,,
,J1757-5322,30.8047,,0.0004
2.5e-07,J1758+3030,35.0674,5.2e-07,0.0014
,J1758-1931,207.0,,5.0
,J1758-2206,678.0,,4.0
,J1758-2540,218.2,,1.3
,J1758-2630,328.0,,3.0
,J1758-2846,66.6,,0.3
,J1759+5036,7.775,,0.003
,J1759-1029,115.4,,0.6
,J1759-1736,206.0,,3.0
,J1759-1903,467.0,,4.0
,J1759-1940,302.7,,1.0
,J1759-1956,236.4,,1.9
2.2e-06,J1759-2205,177.157,6.57e-05,0.005
,J1759-2302,889.0,,1.0
,J1759-2307,812.6,,1.5
,J1759-24,772.0,,14.0
,J1759-2549,424.0,,0.2
,J1759-2922,79.42,,0.06
,J1759-3107,128.3,,0.3
,J1759-5505,63.0,,0.3
,J1800+5034,22.71,,0.06
,J1800-0125,51.0,,0.2
,J1800-2114,641.0,,18.0
,J1800-2343,280.0,,40.0
7e-07,J1801-0357,120.37,4.4e-06,0.03
,J1801-0857A,182.614,,0.0
,J1801-0857B,182.39,,0.06
,J1801-0857C,182.457,,0.0
,J1801-0857D,174.487,,0.0
,J1801-0857E,183.29,,0.0
,J1801-0857F,183.71,,0.0
,J1801-0857G,185.3,,0.0
,J1801-0857H,179.6,,0.0
,J1801-0857I,177.8,,0.0
,J1801-1417,57.2516,,0.0002
,J1801-1855,484.0,,14.0
,J1801-1909,264.0,,9.0
,J1801-2115,778.8,,0.1
,J1801-2154,386.0,,1.0
0.01,J1801-2304,1067.85,0.547,0.1
,J1801-2451,291.55,,0.05
,J1801-2920,125.613,,0.014
,J1801-3210,177.729,,0.002
,J1801-3458,146.0,,6.0
,J1802+0128,97.97,,0.12
,J1802+03,77.0,,
,J1802-0523,121.0,,
,J1802-1745,264.2,,0.3
,J1802-2124,149.5902,,0.0004
,J1802-2426,711.0,,6.0
,J1802-3346,217.0,,5.0
,J1803+1358,,,
,J1803-1616,388.1,,2.0
,J1803-1857,392.0,,1.1
,J1803-1920,436.1,,1.7
7e-06,J1803-2137,233.99,0.0054,0.05
,J1803-2149,,,
,J1803-2712,165.5,,0.3
,J1803-3002A,192.6234,,0.0005
,J1803-3002B,192.6,,
,J1803-3002C,194.5,,
,J1803-3002D,192.73,,
,J1803-3329,170.9,,0.6
,J1804-0735,186.316,,0.013
,J1804-2228,424.0,,7.0
,J1804-2717,24.6746,,0.0005
,J1804-28,213.0,,0.3
,J1804-2858,232.528,,0.002
4.3e-07,J1805+0306,80.857,1.43e-06,0.008
,J1805+0615,64.883,,
,J1805-0619,147.1,,0.12
,J1805-1504,225.0,,3.0
,J1805-2032,932.3,,2.0
,J1805-2037,708.1,,1.6
,J1805-2447,269.0,,3.0
,J1805-2948,167.9,,0.9
,J1806+1023,52.03,,0.07
,J1806+2819,18.6802,,0.0004
7e-08,J1806-1154,122.41,1.462e-05,0.05
,J1806-1618,319.0,,5.0
,J1806-1920,683.0,,7.0
,J1806-2125,747.0,,1.0
,J1807+04,53.0,,
,J1807+0756,89.29,,0.03
7e-07,J1807-0847,112.3802,3.14e-05,0.0011
,J1807-2459A,134.00401,,0.00058
,J1807-2459B,137.1535,,0.002
,J1807-2557,385.0,,10.0
1.4e-05,J1807-2715,312.98,0.00027,0.03
,J1808+00,149.2,,0.11
7e-06,J1808-0813,151.27,8.7e-05,0.06
,J1808-1020,225.3,,0.8
,J1808-1517,205.0,,5.0
,J1808-1726,536.0,,7.0
,J1808-2024,,,
5e-05,J1808-2057,606.8,0.03586,0.9
,J1808-2701,95.0,,4.0
,J1808-3249,147.3,,0.09
,J1809+17,47.32,,0.09
,J1809-0119,138.3,,0.2
,J1809-0743,240.7,,0.14
,J1809-1429,411.3,,1.6
,J1809-1850,598.0,,13.0
1.7e-05,J1809-1917,197.1,0.005434,0.4
,J1809-1943,178.0,,5.0
,J1809-2004,867.1,,1.7
,J1809-2109,381.91,,0.05
,J1809-2332,,,
,J1809-3547,193.84,,0.07
,J1810+0705,79.425,,0.005
,J1810+1744,39.7,,
,J1810-1441,304.9,,1.3
,J1810-1709,670.0,,20.0
,J1810-1820,452.2,,2.5
,J1810-2005,240.72,,0.04
,J1810-5338,45.0,,2.0
,J1811+0702,57.8,,0.1
,J1811-0154,148.1,,0.2
,J1811-1049,253.3,,
,J1811-1717,545.5,,
0.001,J1811-1736,473.93,0.042,0.04
,J1811-1835,761.0,,11.0
,J1811-1925,,,
,J1811-2405,60.61997,,6e-05
,J1811-2439,167.2,,0.11
,J1811-4930,44.0,,0.5
,J1812+0226,104.14,,0.03
,J1812-15,431.0,,10.0
0.0002,J1812-1718,251.4,0.0318,0.1
0.001,J1812-1733,509.8,0.102,0.1
,J1812-1910,892.0,,5.0
,J1812-20,457.0,,19.0
,J1812-2102,547.2,,1.0
,J1812-2526,361.4,,0.4
,J1812-2748,104.0,,2.0
,J1812-3039,141.4,,0.2
,J1813+1822,60.8,,0.5
,J1813+4013,41.55656,,0.00022
,J1813-1246,,,
0.11,J1813-1749,1087.0,4.14,3.0
,J1813-2113,462.3,,1.5
,J1813-2242,333.0,,3.0
,J1813-2621,122.4924,,0.001
,J1814+1130,65.0,,1.0
,J1814+22,62.313,,0.011
,J1814+31,,,
,J1814-0521,130.6,,0.3
,J1814-0618,168.0,,6.0
,J1814-1649,782.0,,6.0
,J1814-1744,820.0,,2.0
,J1815+5546,58.999,,0.007
,J1815-1738,724.6,,0.2
,J1815-1910,547.8,,0.4
,J1816+4510,38.8874,,0.0004
,J1816-0755,117.9,,0.06
,J1816-1446,629.0,,4.0
0.0001,J1816-1729,520.7,0.0143,0.2
2.2e-06,J1816-2650,128.12,5.48e-05,0.03
,J1816-5643,52.4,,1.1
,J1817-0743,14.8,,0.4
,J1817-1511,970.0,,5.0
,J1817-1742,,,
,J1817-1938,519.6,,
,J1817-2311,240.0,,40.0
,J1817-3618,94.13,,0.1
7e-06,J1817-3837,102.847,2.9e-05,0.006
,J1818-0151,209.0,,
,J1818-1116,422.0,,7.0
0.0002,J1818-1422,619.65,0.0598,0.07
,J1818-1448,644.0,,6.0
,J1818-1519,845.0,,6.0
,J1818-1541,690.0,,5.0
,J1818-1556,230.0,,4.0
0.0005,J1818-1607,699.2,0.045,0.8
,J1819+1305,64.808,,0.013
,J1819-0925,378.0,,3.0
,J1819-1008,404.0,,3.0
0.002,J1819-1114,309.7,0.051,0.2
,J1819-1131,578.0,,13.0
,J1819-1318,35.1,,1.5
,J1819-1408,1075.0,,41.0
,J1819-1458,196.0,,0.4
0.0004,J1819-1510,418.14,0.0197,0.04
,J1819-17,67.0,,23.0
,J1819-1717,405.0,,2.0
,J1819-37,68.2,,0.2
1.4e-07,J1820-0427,84.435,2.003e-05,0.017
,J1820-0509,102.4,,0.09
0.0005,J1820-1346,771.0,0.1109,0.2
,J1820-1529,768.5,,0.6
,J1820-1818,436.0,0.00437,1.2
,J1821+0155,51.75415,,3e-05
,J1821+1715,60.2844,,0.0025
,J1821+4147,40.673,,0.003
,J1821-0256,84.0,,0.4
,J1821-0331,171.5,,
,J1821-1419,1123.0,,16.0
,J1821-1432,570.0,,20.0
,J1822+02,103.8,,0.4
,J1822+0705,62.2,,0.3
,J1822+1120,95.2,,0.6
,J1822+2617,64.7,,0.1
,J1822-0719,199.0,,5.0
,J1822-0848,186.3,,0.7
,J1822-0902,448.1,,1.5
,J1822-0907,467.0,,5.0
,J1822-1252,925.0,,25.0
9e-05,J1822-1400,649.27,0.00681,0.04
,J1822-1604,,,
,J1822-1617,647.0,,19.0
1.4e-06,J1822-2256,121.2,0.0001059,0.04
,J1822-4209,72.514,,0.005
4e-08,J1823+0550,66.775,2.4e-07,0.003
2.2e-06,J1823-0154,135.87,4.31e-05,0.05
8e-06,J1823-1115,428.59,0.005954,0.09
,J1823-1126,607.0,,3.0
,J1823-1347,1044.0,,6.0
,J1823-1526,611.0,,5.0
,J1823-1807,330.0,,4.0
,J1823-3021A,86.8797,,0.0056
,J1823-3021B,87.01,,0.1
,J1823-3021C,86.88,,0.24
,J1823-3021D,86.8,,1.1
,J1823-3021E,91.4,,
,J1823-3021F,86.7,,
,J1823-3021G,86.206,,0.006
,J1823-3021H,86.85,,
,J1823-3106,50.245,,0.004
,J1823-3543,,,
,J1824+1014,59.8807,,
,J1824-0127,63.0,,0.02
,J1824-0132,79.0,,
0.0002,J1824-1118,601.31,0.0269,0.06
0.0003,J1824-1159,462.96,0.0188,0.09
,J1824-1350,551.0,,7.0
0.0003,J1824-1423,427.63,0.0128,0.08
,J1824-1500,571.0,,6.0
2.2e-05,J1824-1945,224.38,0.000409,0.06
,J1824-2233,156.5,,1.2
,J1824-2328,195.4,,0.2
,J1824-2452A,119.9069,0.000245,
,J1824-2452B,119.5,,
,J1824-2452C,120.7,,
,J1824-2452D,119.5,,
,J1824-2452E,119.8,,
,J1824-2452F,123.8,,
,J1824-2452G,119.4,,
,J1824-2452H,121.5,,
,J1824-2452I,119.0,,
,J1824-2452J,119.2,,
,J1824-2452K,119.8,,
,J1824-2452L,119.0,,
,J1824-2452M,119.352,,0.011
,J1824-2452N,119.321,,0.003
,J1824-2537,158.5,,0.2
,J1825+0004,56.618,,0.009
,J1825-0319,119.5584,,0.0006
,J1825-0935,19.3833,2.19e-07,0.0009
,J1825-1108,121.0,,19.0
0.001,J1825-1446,352.23,0.021,0.04
,J1825-31,93.3,,1.1
,J1825-33,43.2,,2.0
9e-05,J1826-1131,320.58,0.00119,0.06
,J1826-1256,,,
7e-06,J1826-1334,231.0,0.004671,1.0
,J1826-1419,160.0,,1.0
,J1826-1526,530.0,,4.0
,J1826-2415,81.8625,,0.0011
,J1827-0750,375.45,,0.07
,J1827-0849,,,
,J1827-0934,259.2,,0.5
,J1827-0958,430.0,0.0309,4.0
,J1827-1446,,,
,J1828+0625,22.4331,,0.0012
,J1828+1221,69.1,,0.4
,J1828+1359,56.0,,1.0
,J1828-0611,363.2,,0.5
,J1828-1007,302.6,,1.2
,J1828-1057,249.0,,2.0
,J1828-1101,605.0,,0.1
,J1828-1336,494.7,,1.8
,J1828-2119,268.0,,0.6
,J1829+0000,116.8,,0.05
,J1829+2456,13.7,,0.005
,J1829+25,74.0,,0.7
,J1829-0734,316.8,,1.8
,J1829-1011,610.0,,
2.9e-05,J1829-1751,216.829,0.000672,0.003
,J1830-0052,220.4,,0.9
,J1830-0131,95.7,,0.3
,J1830-10,203.0,,2.0
4e-07,J1830-1059,159.7,0.0006508,0.01
,J1830-1135,257.0,,6.0
,J1830-1313,537.0,,3.0
,J1830-1414,393.6,,1.4
,J1831-04,216.0,,10.0
,J1831-0823,245.9,,1.7
,J1831-0952,247.0,,5.0
,J1831-1223,342.0,,5.0
,J1831-1329,338.0,,5.0
,J1831-1423,352.0,,3.0
,J1832+0029,32.7,,0.4
,J1832+27,46.0,,3.0
,J1832-0644,574.3,,0.3
4e-05,J1832-0827,300.869,0.00038,0.01
,J1832-0836,28.19086,,0.00011
7e-05,J1832-1021,474.14,0.01249,0.03
,J1832-28,127.0,,3.0
,J1833-0209,325.4,,
7e-06,J1833-0338,234.538,0.000365,0.013
,J1833-0556,461.0,,13.0
0.006,J1833-0559,346.7,0.18,0.1
1.7e-05,J1833-0827,410.95,0.005176,0.1
,J1833-0831,,,
,J1833-1034,169.5,,0.1
,J1833-1055,543.0,,4.0
,J1833-3840,78.6,,
,J1833-6023,35.0,,6.0
,J1834+10,78.479,,0.024
,J1834-0010,88.65,,0.15
,J1834-0031,155.1,,0.6
1.08e-06,J1834-0426,79.308,2.17e-06,0.008
,J1834-0602,445.0,,4.0
,J1834-0633,707.0,,9.0
0.009,J1834-0731,288.3,0.122,0.4
,J1834-0742,552.0,,18.0
,J1834-0812,1020.0,,50.0
,J1834-0845,,,
,J1834-09,529.0,,7.0
,J1834-1202,342.4,,1.3
,J1834-1710,123.8,,0.5
,J1834-1855,185.2,,1.2
,J1835-0114,98.253,,0.003
,J1835-0349,269.6,,0.7
,J1835-0522,456.0,,4.0
,J1835-0600,780.0,,20.0
0.003,J1835-0643,464.8,0.11,0.1
,J1835-0847,850.0,,
,J1835-0924,471.0,,7.0
,J1835-09242,500.0,,
,J1835-0928,450.0,,
,J1835-0944,276.2,,0.1
,J1835-0946,193.3,,0.5
8e-07,J1835-1020,115.9,0.0003531,0.08
3e-06,J1835-1106,132.679,4.9e-05,0.003
,J1835-15,22.9,,0.0
,J1835-1548,327.0,,6.0
,J1835-3259A,63.35,,
,J1835-3259B,63.5083,,0.0006
,J1836+51,44.4,,0.3
,J1836+5925,,,
3e-06,J1836-0436,231.5,0.004569,0.3
,J1836-0517,564.0,,5.0
0.003,J1836-1008,316.98,0.002,0.03
,J1836-11,326.0,,8.0
,J1836-1324,157.33,,0.1
,J1836-2354A,89.107,,0.002
,J1836-2354B,93.3,,0.2
,J1837+0033g,186.9,,
,J1837+0053,124.0,,3.0
,J1837+1221,100.6,,0.4
,J1837-0045,86.98,,0.09
,J1837-0559,319.5,,0.6
0.006,J1837-0604,462.0,0.062,10.0
,J1837-0653,316.1,,0.4
,J1837-0822,506.0,,
,J1837-1243,300.0,,9.0
,J1837-1837,100.74,,0.13
,J1838+0022g,122.6,,
,J1838+0027g,205.9,,
,J1838+0044g,229.6,,
,J1838+1523,68.26,,0.03
,J1838+1650,32.95162,,0.00099
,J1838+50,21.81,,0.01
,J1838-01,320.4,,
,J1838-0107,268.9,,
,J1838-0453,617.2,,0.4
,J1838-0537,,,
,J1838-0549,276.6,,0.4
,J1838-0624,424.0,,9.0
,J1838-0655,,,
,J1838-1046,209.3,,0.3
,J1838-1849,169.9,,
,J1839-0141,293.2,,0.6
,J1839-0223,330.0,,
0.002,J1839-0321,450.5,0.014,0.1
,J1839-0332,195.1,,
,J1839-0402,236.6,,0.2
,J1839-0436,292.7,,1.8
,J1839-0459,237.0,,0.3
,J1839-0627,92.49,,0.13
0.0007,J1839-0643,493.5,0.0473,0.2
,J1839-0905,344.5,,0.3
,J1839-1238,169.8,,1.8
,J1840+0012g,100.9,,
,J1840+0214,182.4,,1.0
8e-08,J1840+5640,26.77163,1.8e-07,0.00017
,J1840-0445,379.0,,
0.0004,J1840-0559,319.1,0.0235,0.1
,J1840-0626,748.0,,8.0
,J1840-0643,494.0,,
,J1840-0753,691.0,,7.0
,J1840-0809,349.8,,0.8
,J1840-0815,233.2,,1.2
,J1840-0840,285.2,,1.4
,J1840-1122,311.0,,3.0
,J1840-1207,290.9,,0.2
,J1840-1419,19.4,,1.4
,J1841+0130,125.88,,0.06
,J1841+0912,49.1579,1.58e-07,0.0043
,J1841-0157,475.0,,3.0
,J1841-0310,216.0,,12.0
9e-06,J1841-0345,194.32,0.002118,0.06
,J1841-04,29.0,,3.0
3e-05,J1841-0425,325.487,0.00322,0.015
,J1841-0456,,,
0.04,J1841-0500,532.0,4.119,1.0
,J1841-0524,284.5,,0.3
,J1841-1404,267.0,,8.0
,J1841-7845,41.0,,2.0
,J1842+0257,146.0,,0.8
,J1842+0358,109.9,,0.4
,J1842+0638,212.2,,1.2
,J1842+1332,102.5,,0.7
0.0003,J1842-0153,427.2,0.0327,0.06
,J1842-0309,955.0,,7.0
8e-05,J1842-0359,195.98,0.00157,0.08
,J1842-0415,183.78,,0.12
,J1842-0612,485.0,,10.0
,J1842-0800,188.6,,
5e-06,J1842-0905,343.4,0.001246,0.2
,J1842-27,62.0,,
,J1842-39,47.6,,0.1
,J1843+0119,252.1,,0.7
,J1843+2024,85.3,,0.2
,J1843-0000,101.8,,0.2
,J1843-0050,507.0,,7.0
,J1843-0137,486.0,,3.0
,J1843-0211,441.7,,0.9
,J1843-0355,797.7,,0.6
,J1843-0408,246.0,,3.0
,J1843-0459,444.1,,0.5
,J1843-0510,257.0,,
,J1843-0702,228.6,,0.1
,J1843-0744,321.0,,5.0
,J1843-0806,215.8,,0.9
,J1843-1113,59.95797,,0.00013
,J1843-1448,114.544,,0.0009
,J1843-1507,215.5,,0.7
,J1843-40,66.0,,
,J1844+00,346.6,,0.12
,J1844+0028g,181.2,,
,J1844+0115,148.25,,0.005
,J1844+1454,41.48555,1.32e-07,0.00061
,J1844+41,50.0,,10.0
0.0003,J1844-0030,603.2,0.0123,0.1
0.0004,J1844-0244,422.13,0.02,0.06
,J1844-0256,826.0,,2.0
,J1844-03,,,
,J1844-0302,533.0,,
,J1844-0310,836.1,,0.5
,J1844-0346,,,
1.4e-05,J1844-0433,123.158,0.000314,0.02
,J1844-0452,626.0,,4.0
,J1844-0502,318.0,,5.0
7e-05,J1844-0538,411.71,0.01173,0.04
,J1845+0623,113.0,,1.4
,J1845-0028g,301.0,,
,J1845-0316,500.0,,0.14
,J1845-0434,230.8,,0.2
,J1845-0545,315.9,,1.2
,J1845-0635,414.0,,1.0
,J1845-0743,280.93,,0.02
,J1845-0826,228.2,,1.2
,J1845-1114,206.7,,0.5
,J1845-1351,197.4,,1.4
,J1846+0051,140.0,,3.0
,J1846+0919,,,
,J1846-0257,237.0,,7.0
,J1846-0258,,,
6e-05,J1846-0749,389.13,0.00714,0.02
,J1846-07492,190.8,,0.2
,J1846-4249,62.0,,
,J1846-7403,97.0,,20.0
,J1847+01,20.1,,0.005
,J1847+0110g,183.4,,
,J1847+0133g,193.8,,
,J1847+0614g,270.5,,
,J1847-0130,667.0,,6.0
7e-06,J1847-0402,141.979,0.000241,0.005
,J1847-0427,188.3,,
,J1847-0438,229.0,,4.0
,J1847-0443,454.9,,2.0
,J1847-0605,207.9,,1.8
,J1848+0127g,77.0,,
,J1848+0150g,500.8,,
,J1848+0351,336.6,,0.4
,J1848+0604,242.7,,0.7
,J1848+0647,27.9,,0.2
,J1848+0826,90.677,,0.08
,J1848+12,139.0,,20.0
,J1848+1516,77.436,,0.009
,J1848-0023,34.9,,0.3
,J1848-0055,1166.0,,7.0
4e-05,J1848-0123,159.1,0.00084,0.2
,J1848-0511,418.0,,7.0
,J1848-0601,496.6,,0.4
,J1848-1150,163.4,,1.8
,J1848-1243,91.96,,0.07
7e-06,J1848-1414,134.47,5.8e-05,0.09
,J1848-1952,18.23,,0.07
,J1849+0001g,189.4,,
,J1849+0009g,501.5,,
,J1849+0016g,271.4,,
,J1849+0037g,611.5,,
,J1849+0106,216.24,,0.15
0.0043,J1849+0127,207.3,0.0132,2.6
,J1849+0225g,259.9,,
,J1849+0339g,349.5,,
,J1849+0409,63.97,,0.01
,J1849+0430,191.0,,1.0
,J1849+2423,62.2677,,0.0016
,J1849+2559,75.0016,,0.0004
,J1849-0001,,,
,J1849-0014g,346.6,,
,J1849-0019g,513.2,,
,J1849-0040,1267.6,,1.8
,J1849-0317,40.0,,0.2
,J1849-0614,118.2,,0.2
7e-06,J1849-0636,148.168,0.000175,0.012
,J1850+0011g,506.5,,
6e-05,J1850+0026,201.2,0.00023,0.3
,J1850+0124,118.88,,0.02
,J1850+0242,540.068,,0.009
,J1850+0423,265.8,,0.4
,J1850+1335,60.1396,,0.0066
,J1850+15,24.7,,8.7
,J1850-0002g,543.9,,
0.007,J1850-0006,655.0,0.26,1.8
,J1850-0020g,605.4,,
0.0006,J1850-0026,947.0,0.0465,0.1
,J1850-0031,895.0,,8.0
,J1851+00,107.6,,0.02
,J1851+0056g,332.3,,
,J1851+0118,418.0,,7.0
,J1851+0233,606.0,,4.0
,J1851+0241,524.3,,0.7
,J1851+0418,115.54,,0.05
,J1851+1259,70.6333,,0.0017
,J1851-0029,510.0,,20.0
,J1851-0053,24.0,,0.4
,J1851-0114,427.2,,1.4
,J1851-0241,515.0,,5.0
,J1851-0633,229.1,,0.7
,J1852+0008,254.9,,1.8
,J1852+0013,545.0,,3.0
,J1852+0018g,452.0,,
0.012,J1852+0031,787.0,0.551,17.0
,J1852+0033,,,
,J1852+0040,,,
,J1852+0056g,905.7,,
,J1852+0158g,607.5,,
,J1852+0305,320.0,,12.0
,J1852+0309g,358.0,,
,J1852+0857g,85.9,,
,J1852-0000,593.0,,1.0
,J1852-0002g,558.1,,
,J1852-0024g,290.0,,
,J1852-0033g,320.7,,
,J1852-0039g,361.7,,
,J1852-0044g,272.9,,
,J1852-0055g,211.7,,
,J1852-0118,286.0,,3.0
0.003,J1852-0127,427.9,0.057,0.2
6e-06,J1852-0635,173.9,0.002091,0.1
,J1852-13,,,
,J1852-2610,56.814,,0.019
,J1853+0009,192.4,,0.03
,J1853+0011,568.8,,1.6
,J1853+0013g,312.4,,
,J1853+0023g,203.3,,
,J1853+0029,232.0,,4.0
,J1853+0056,180.9,,1.2
,J1853+0237g,725.5,,
,J1853+0259,292.4,,0.4
,J1853+0312g,345.0,,
,J1853+0427,549.3,,1.3
0.029,J1853+0505,279.0,0.252,3.0
0.0006,J1853+0545,197.91,0.01667,0.03
,J1853+0853,236.6,,3.1
,J1853+1303,30.5709,,0.0004
,J1853-0003g,667.2,,
,J1853-0004,437.5,,0.1
,J1853-0008g,285.3,,
,J1853-0649,44.541,,0.036
,J1853-0842A,155.125,,0.004
,J1854+0012g,204.1,,
,J1854+0050,529.2,,0.7
,J1854+0131g,474.9,,
,J1854+0306,192.4,,5.2
,J1854+0317,390.0,,1.1
,J1854+0319,480.2,,1.3
,J1854+0704g,10.8,,
1.4e-05,J1854+1050,207.2,0.000263,0.3
,J1854+36,59.8,,
,J1854-0033g,617.5,,
,J1854-0524,192.0,,3.0
7e-07,J1854-1421,130.4,5.8e-06,0.03
,J1854-1557,150.0,,17.0
,J1855+0139g,405.6,,
,J1855+0205,867.3,,0.2
,J1855+0228g,530.0,,
,J1855+0235g,103.3,,
,J1855+0306,627.0,,2.0
,J1855+0307,402.5,,1.9
,J1855+0327g,298.6,,
,J1855+0339g,416.2,,
0.0051,J1855+0422,455.6,0.0337,1.3
,J1855+0424g,678.5,,
,J1855+0455g,372.9,,
,J1855+0511g,307.5,,
,J1855+0527,362.0,,3.0
,J1855+0626,253.8,,0.2
,J1855+0700,244.0,,4.0
,J1855-0941,153.6,,0.09
,J1855-1436,109.208,,0.009
,J1856+0011g,455.8,,
,J1856+0102,554.0,,3.0
6.3e-07,J1856+0113,96.1,1.63e-06,0.1
,J1856+0211g,113.9,,
,J1856+0243g,178.3,,
,J1856+0245,623.5,,0.1
0.0082,J1856+0404,341.3,0.0191,0.7
,J1856+0615g,333.1,,
,J1856+0912,191.4,,0.4
,J1856-0526,131.8,,0.1
,J1856-3754,,,
,J1857+0057,82.39,,0.11
0.002,J1857+0143,249.4,0.05,0.1
0.0073,J1857+0210,783.0,0.0272,11.0
0.0006,J1857+0212,506.77,0.00244,0.18
,J1857+0214g,986.3,,
,J1857+0224g,401.0,,
,J1857+0300,691.0,,4.0
0.0021,J1857+0526,464.79,0.0122,0.05
,J1857+0809,282.0,,3.0
,J1857+0943,13.2992,6.61e-08,0.0002
,J1857-1027,108.9,,0.7
,J1858+0026g,415.3,,
0.0061,J1858+0215,702.0,0.0772,0.1
,J1858+0239,492.71,,0.02
,J1858+0241,336.0,,15.0
,J1858+0244g,282.6,,
,J1858+0310g,699.5,,
,J1858+0319,284.0,,3.0
,J1858+0346,386.0,,1.0
,J1858+0609g,381.5,,
,J1858-0024g,190.0,,
,J1858-0736,194.0,,
,J1858-2216,26.631,,0.002
,J1858-5422,,,
,J1859+00,423.0,,0.14
,J1859+0026g,334.1,,
,J1859+0126g,531.7,,
,J1859+0239g,250.9,,
,J1859+0313g,107.7,,
,J1859+0345,558.7,,2.6
,J1859+0430g,783.8,,
,J1859+0434g,320.1,,
0.026,J1859+0601,272.4,0.125,0.5
,J1859+0603,378.6,,2.0
,J1859+0658g,290.4,,
,J1859+07,303.0,,2.0
,J1859+1526,97.45,,0.01
,J1859+7654,47.25,,0.07
,J1900+0213g,310.5,,
,J1900+0227,201.1,,1.7
,J1900+0308,249.898,,0.011
,J1900+0405g,634.4,,
,J1900+0438,627.0,,6.0
,J1900+0634,323.4,,1.8
,J1900+0715g,266.1,,
,J1900+30,71.8352,,0.0022
,J1900-0051,136.8,,0.7
,J1900-0134,178.1,,0.5
,J1900-0933,162.7,,0.4
,J1900-2600,37.994,,0.005
,J1900-7951,39.0,,5.0
,J1901+00,340.3,,0.6
,J1901+0020g,237.6,,
,J1901+0124,314.4,,1.3
2.4e-05,J1901+0156,105.394,8.5e-05,0.007
,J1901+0234,404.0,,3.0
,J1901+0254,185.0,,5.0
,J1901+0300,253.887,,0.002
,J1901+0315g,410.5,,
,J1901+0320,393.0,,7.0
0.00011,J1901+0331,402.08,0.00107,0.012
,J1901+0355,547.0,,3.0
,J1901+0413,352.0,,3.0
,J1901+0435,920.0,,2.5
,J1901+0459,1108.0,,4.0
6e-06,J1901+0510,429.0,0.001385,7.0
,J1901+0511,410.0,,7.0
,J1901+0621,94.0,,7.0
,J1901+0659g,126.2,,
,J1901+0712g,332.4,,
7e-05,J1901+0716,252.81,0.00025,0.07
,J1901+1306,75.0988,,0.006
,J1901-0125,70.4,,
,J1901-0312,106.6,,0.7
,J1901-0315,242.6,,1.6
,J1901-0906,72.677,,0.018
,J1901-1740,24.4,,0.6
,J1902+0235,280.49,,0.14
,J1902+0248,272.0,,0.1
2.7e-05,J1902+0556,177.486,0.000292,0.013
0.00014,J1902+0615,502.9,0.00144,0.017
,J1902+0723,105.0,,0.3
,J1902+0809g,436.9,,
,J1902+1141,269.12,,0.17
,J1902-0340,114.0,,6.0
,J1902-1036,96.3,,0.2
,J1902-5105,36.2505,,0.0003
1.4e-05,J1903+0135,245.167,0.000117,0.006
,J1903+0327,297.5245,0.00055,0.0006
,J1903+0415,481.9,,1.4
,J1903+0433g,202.6,,
,J1903+0534g,407.7,,
0.001,J1903+0601,388.0,0.0055,3.0
,J1903+0654,329.0,,7.0
,J1903+0839g,166.5,,
,J1903+0845g,129.1,,
,J1903+0851g,78.9,,
,J1903+0912,362.8,,0.1
,J1903+0925,162.0,,6.0
,J1903+2225,109.2,,0.03
,J1903-0258,114.1,,0.08
2.2e-06,J1903-0632,195.611,0.0001513,0.01
,J1903-0848,66.99,,0.04
,J1903-7051,19.6612,,0.0002
2.5e-05,J1904+0004,233.61,9.8e-05,0.04
,J1904+0056,127.0,,2.0
,J1904+0207g,229.9,,
,J1904+0358g,532.0,,
,J1904+0412,185.9,,0.7
,J1904+0415g,521.0,,
,J1904+0451,182.705,,0.004
,J1904+0519g,80.8,,
,J1904+0535g,78.4,,
,J1904+0553g,164.2,,
,J1904+0603g,413.2,,
,J1904+0738,278.32,,0.08
0.00024,J1904+0800,438.8,0.00244,1.3
,J1904+0823g,60.4,,
,J1904+0836g,90.5,,
,J1904+0852g,195.1,,
,J1904+1011,135.0,,2.0
,J1904+33,81.04,,0.11
,J1904-0150,162.2,,0.5
,J1904-11,97.7,,
1.4e-06,J1904-1224,118.23,4.09e-05,0.04
,J1904-1629,145.0,,
,J1905+0154A,193.692,,0.008
,J1905+0400,25.6923,,0.0012
,J1905+0414,383.0,,1.0
,J1905+0450g,442.3,,
,J1905+0600,730.1,,1.9
0.0043,J1905+0616,256.05,0.0159,0.01
,J1905+0656g,23.0,,
0.0081,J1905+0709,245.34,0.0142,0.1
,J1905+0758g,200.7,,
,J1905+0902,433.4,,0.1
,J1905+0920g,396.6,,
,J1905+0936g,414.0,,
,J1905+1034,164.0,,0.6
3e-06,J1905-0056,229.131,5.4e-05,0.005
,J1906+0055,126.8317,,0.0009
,J1906+0414,349.0,,9.0
,J1906+0454,142.793,,0.002
,J1906+0509,99.5,,1.9
0.00081,J1906+0641,472.8,0.00488,0.3
,J1906+0646g,290.5,,
,J1906+0649,249.0,,4.0
,J1906+0722,,,
,J1906+0724,476.4,,1.2
,J1906+0746,217.7508,,0.0004
,J1906+0757g,79.0,,
,J1906+0822g,367.9,,
,J1906+0912,265.0,,5.0
,J1906+1854,156.7676,,0.003
,J1907+0249,261.0,,6.0
,J1907+0255,257.0,,4.0
,J1907+0345,311.7,,0.9
,J1907+0534,524.0,,4.0
,J1907+0602,82.1,,1.1
,J1907+0631,429.4,,0.1
,J1907+0658g,523.0,,
,J1907+0709g,278.1,,
,J1907+0731,239.8,,1.3
4e-05,J1907+0740,332.0,0.00016,3.0
0.003,J1907+0833,511.68,0.029,0.16
,J1907+0859,190.0,,3.0
6e-07,J1907+0918,357.8,0.0004985,0.1
,J1907+0919,,,
,J1907+1149,202.8,,1.5
,J1907+1247,257.0,,1.0
,J1907+4002,30.966,8.32e-08,0.014
,J1907+57,54.63,,0.11
,J1907-1532,72.6,,0.7
1.7e-05,J1908+0457,360.0,4.4e-05,5.0
1.7e-05,J1908+0500,201.42,9.8e-05,0.02
,J1908+0558,457.7,,0.2
,J1908+0734,11.104,,0.011
,J1908+0811g,300.1,,
,J1908+0833,700.1,,2.0
0.0027,J1908+0839,512.1,0.0114,2.4
0.0018,J1908+0909,467.5,0.01,1.5
5e-05,J1908+0916,249.8,0.00031,0.5
,J1908+0949g,220.3,,
,J1908+1035g,10.9,,
,J1908+1351,180.59,,0.19
,J1908+2105,61.9067,,
,J1908+2351,101.695,,0.015
,J1909+0007,112.787,,0.006
7e-07,J1909+0254,171.734,2.9e-06,0.009
,J1909+0616,352.0,,4.0
,J1909+0641,36.7,,0.2
,J1909+0657g,59.9,,
,J1909+0749,539.36,,0.05
,J1909+0905g,250.6,,
0.0025,J1909+0912,421.5,0.0104,1.7
,J1909+0930g,479.6,,
8e-07,J1909+1102,149.982,8.1e-06,0.004
,J1909+1132g,276.1,,
,J1909+1148,199.8,,0.5
,J1909+1205,302.5,,1.0
,J1909+1450,119.5,,0.2
,J1909+1859,64.517,,0.026
,J1909-3744,10.39077,,4e-05
,J1910+0225,209.0,,3.0
,J1910+0358,82.93,,0.1
,J1910+0435,297.0,,1.0
,J1910+0517,300.0,,2.0
0.0077,J1910+0534,484.0,0.0254,3.0
,J1910+0710,254.1,,0.4
7e-05,J1910+0714,124.06,0.00023,0.05
7e-06,J1910+0728,283.7,0.001412,0.4
,J1910+1017,633.83,,0.16
,J1910+1026,712.8,,0.5
,J1910+1054g,139.4,,
,J1910+1117g,296.5,,
5e-05,J1910+1231,258.64,0.00036,0.12
,J1910+1256,38.068,,0.0004
,J1910+56,20.75,,0.12
,J1910-0112,178.0,,26.0
3e-07,J1910-0309,205.53,1.96e-05,0.03
,J1910-0556,88.3,,0.7
,J1910-5959A,33.6998,,0.0016
,J1910-5959B,33.28,,0.04
,J1910-5959C,33.21,,0.04
,J1910-5959D,33.28,,0.02
,J1910-5959E,33.31,,0.03
,J1910-5959F,33.2,,0.03
,J1911+00,100.0,,3.0
,J1911+0101A,202.678,,0.003
,J1911+0101B,196.69,,0.02
,J1911+0751g,220.7,,
,J1911+0921,340.1,,0.6
0.008,J1911+0925,486.6,0.038,0.5
,J1911+0939g,597.3,,
,J1911+1051,445.21,,0.17
,J1911+1252g,68.8,,
,J1911+1301,389.0,,2.0
,J1911+1336,323.95,,0.14
,J1911+1347,30.988199,,
,J1911+1758,48.98,,0.16
,J1911-1114,30.9665,,0.0006
,J1912+0934g,143.8,,
7e-05,J1912+1036,147.0,0.0001,0.5
,J1912+1105g,150.4,,
,J1912+1417g,66.6,,
,J1912+2104,88.5961,,0.0062
,J1912+2525,37.8474,,0.0016
,J1913+0446,109.1,,1.7
,J1913+0523,333.6,,0.3
,J1913+0618,155.987,,0.003
,J1913+0657,142.0,,3.0
0.0034,J1913+0832,355.2,0.0156,1.0
,J1913+0904,95.3,,0.6
,J1913+0936,157.0,,2.0
0.0061,J1913+1000,422.0,0.0102,3.0
1.7e-05,J1913+1011,178.8,2.2e-05,0.3
,J1913+1037g,437.0,,
,J1913+1050,231.1,,0.9
,J1913+1054g,338.0,,
,J1913+1102,338.96,,0.02
0.004,J1913+11025,626.0,0.05,0.4
0.0021,J1913+1145,642.0,0.0187,0.2
,J1913+1330,175.64,,0.06
1.5e-05,J1913+1400,145.052,8.1e-05,0.005
,J1913+3732,72.3263,,0.0041
7e-08,J1913-0440,89.385,1.39e-06,0.01
,J1914+0219,236.0,,0.12
,J1914+0625,204.33,,0.05
,J1914+0631,58.0,,3.0
,J1914+0659,225.34,,0.03
,J1914+0805,344.4,,0.2
,J1914+0838,290.7,,0.11
,J1914+1029g,59.7,,
,J1914+1054g,418.7,,
,J1914+1122,100.0,,10.0
,J1914+1228g,312.0,,
,J1914+1428,220.9,,0.4
,J1915+0227,191.9,,0.08
,J1915+0639,212.32,,0.05
,J1915+0738,39.0,,0.08
,J1915+0752,105.3,,0.3
,J1915+0832g,36.2,,
,J1915+0838,358.0,,3.0
3.2e-05,J1915+1009,241.693,0.000376,0.01
,J1915+1145,337.78,,0.03
,J1915+1150,699.83,,0.12
,J1915+1410,273.7,,0.3
0.0002,J1915+1606,168.77,0.00067,0.01
,J1915+1647,62.57,,0.07
,J1915-11,91.06,,0.08
,J1916+0741g,220.1,,
,J1916+0748,304.0,,1.5
,J1916+0748g,153.1,,
0.0012,J1916+0844,338.01,0.0081,0.07
,J1916+0852,295.0,,10.0
1e-05,J1916+0951,60.953,2.4e-05,0.006
,J1916+1023,341.8,,1.3
0.0031,J1916+1030,387.2,0.0098,0.3
,J1916+1030g,519.7,,
,J1916+1225,265.31,,0.03
2.5e-06,J1916+1312,237.009,6.83e-05,0.011
,J1916+3224,84.105,,0.002
,J1916-2939,38.34,,0.11
,J1917+0743g,199.5,,
,J1917+0834,29.18,,0.06
,J1917+1046g,163.1,,
,J1917+1121g,303.5,,
,J1917+1259g,117.0,,
0.0002,J1917+1353,94.538,0.00081,0.004
,J1917+1411g,123.4,,
,J1917+1737,208.0,,0.2
,J1917+2224,134.7495,,0.0034
,J1918+1311,244.5,,0.3
,J1918+1340g,575.9,,
,J1918+1444,27.202,,0.017
,J1918+1536g,123.7,,
,J1918+1540g,271.2,,
,J1918+1541,11.5,,0.1
,J1918+1547g,64.6,,
,J1918-0642,26.5888,,0.0003
,J1918-1052,62.73,,0.8
,J1919+0021,90.315,,0.016
,J1919+0134,191.9,,0.4
,J1919+1314,613.4,,0.2
,J1919+1527g,697.5,,
,J1919+1645,208.0,,9.0
,J1919+1745,142.3,,0.2
,J1919+23,,,
,J1919+2621,96.5,,0.2
,J1920+1040,304.0,,9.0
0.0067,J1920+1110,188.4,0.0285,0.4
,J1920+1515g,655.5,,
,J1920+2650,27.70882,,0.00082
,J1920-0950,93.0,,
,J1921+0137,104.9294,,0.0007
,J1921+0812,84.0,,0.6
,J1921+0921,139.5,,0.2
,J1921+1259g,366.3,,
,J1921+1340g,754.9,,
0.0039,J1921+1419,91.64,0.0065,0.04
,J1921+1505g,519.9,,
,J1921+1544,385.0,,2.0
,J1921+1630,194.4,,0.5
,J1921+1929,64.7632,,0.0009
2.2e-06,J1921+1948,153.85,6.87e-05,0.05
,J1921+2003,101.0,1.753e-05,1.0
2.5e-08,J1921+2153,12.44399,3.8e-08,0.00063
,J1921-05,80.7,,0.6
,J1921-0510,96.6,,0.7
,J1922+1131,335.0,,3.0
,J1922+1733,238.0,,4.0
,J1922+2018,203.31,,0.1
7e-07,J1922+2110,217.086,1.68e-05,0.018
,J1922+58,53.74,,0.14
,J1923+1143g,260.6,,
,J1923+1521g,346.0,,
,J1923+1706,142.5,,0.6
,J1923+2022g,175.3,,
,J1923+2515,18.86,,0.002
,J1923+4243,52.99,,0.05
,J1923-0408,35.0,,3.0
,J1924+1343g,98.5,,
,J1924+1509g,296.6,,
,J1924+1510g,115.6,,
,J1924+1628,541.7,,0.3
,J1924+1631,518.5,,0.9
,J1924+1639,208.0,,3.0
0.018,J1924+1713,536.8,0.039,0.6
,J1924+1917,320.3,,0.6
,J1924+1923g,386.7,,
,J1924+1932g,280.3,,
,J1924+2027g,211.7,,
,J1924+2037g,82.3,,
3e-05,J1924+2040,226.6,6e-05,0.2
,J1925+1532g,145.9,,
,J1925+1629g,214.1,,
,J1925+1636g,33.1,,
,J1925+1720,222.3,,0.1
,J1925+19,328.0,,16.0
,J1925-16,88.0,,20.0
7e-07,J1926+0431,102.243,1.61e-05,0.019
,J1926+0737,159.0,,2.0
3.2e-05,J1926+1434,211.41,0.000205,0.08
,J1926+1452g,298.1,,
,J1926+1614,24.02,,0.18
,J1926+1631g,195.1,,
2.2e-06,J1926+1648,176.885,3.36e-05,0.011
,J1926+1857g,424.2,,
0.00017,J1926+1928,445.0,0.00084,2.0
,J1926+2016,247.0,,5.0
,J1926-0652,85.3,,0.7
,J1926-1314,40.83,,0.05
,J1927+0911,202.7,,0.4
,J1927+1430g,207.2,,
3.2e-05,J1927+1852,264.5,0.000142,0.4
,J1927+1856,99.0,,1.0
,J1927+2234,186.5,,0.4
,J1928+1245,179.233,,0.001
,J1928+1443,101.0,,5.0
,J1928+15,242.0,,
,J1928+1725,135.96,,0.12
,J1928+1746,176.68,,0.05
,J1928+1809g,431.1,,
,J1928+1816g,346.3,,
,J1928+1839g,70.0,,
,J1928+1852g,291.6,,
,J1928+1902g,28.9,,
,J1928+1915g,201.0,,
0.0005,J1928+1923,476.4,0.0486,0.2
,J1928+28,79.2,,0.3
,J1928-0108,125.8,,0.8
,J1929+00,42.95,,0.07
,J1929+1357,150.7,,0.3
,J1929+16,12.0,,9.0
,J1929+1615g,308.7,,
,J1929+1731g,431.1,,
,J1929+1844,112.0,,2.0
,J1929+19,528.4,,0.3
,J1929+1937g,458.1,,
,J1929+1955,281.0,,4.0
,J1929+2121,66.0,,12.0
,J1929+3817,93.4,,0.2
,J1929+62,67.7,,0.4
,J1929+66,59.6,,0.2
6e-05,J1930+1316,207.3,0.0001,0.9
,J1930+1357g,186.6,,
,J1930+1403g,150.5,,
,J1930+1408,210.87,,0.13
,J1930+1722,207.0,,7.0
,J1930+1852,307.3,,0.1
,J1930+2441,69.572,,0.001
,J1930-1852,42.8526,,0.0004
,J1931+1439,243.0,,16.0
5e-06,J1931+1536,140.0,2.2e-05,1.0
,J1931+1817,465.0,,1.0
,J1931+1952,441.0,,8.0
,J1931+30,53.0,,0.2
,J1931+42,50.9,,0.02
,J1931-0144,38.3,,1.3
,J1932+1059,3.18321,1.8e-09,0.00016
,J1932+1500,90.5,,1.8
,J1932+1756,53.189,,0.009
,J1932+1916,,,
7e-06,J1932+2020,211.151,0.000139,0.011
2.1e-07,J1932+2220,218.9,4.75e-06,0.04
,J1932-3655,59.88,,0.01
,J1933+0758,165.02,,0.04
,J1933+1304,177.01,,0.15
,J1933+1726,156.9,,0.03
,J1933+1923g,97.7,,
,J1933+2038g,302.9,,
,J1933+2421,106.03,,0.06
,J1933+5335,33.54,,0.03
,J1933-6211,11.51476,,0.00012
,J1934+1926,99.1,,0.3
,J1934+2352,355.8,,0.1
,J1934+5219,71.26,,0.15
,J1935+1159,188.76,,0.06
1.4e-07,J1935+1616,158.521,2.347e-05,0.003
,J1935+1726,61.6,,0.1
3.7e-05,J1935+1745,214.6,0.000388,0.4
,J1935+1829,343.9,,0.6
,J1935+2025,182.0,,1.0
,J1935+2154,,,
,J1936+1536,165.0,0.000141,20.0
,J1936+18,125.9,,0.4
,J1936+1952g,325.0,,
,J1936+2036g,198.8,,
,J1936+2042,197.4,,0.5
,J1936+21,262.4,,0.5
,J1936+217,75.0,,0.2
,J1937+1505,237.0,,11.0
,J1937+1658,105.8442,,0.0007
,J1937+2544,53.221,,0.005
,J1937+2950,113.99,,0.11
,J1937-00,68.6,,
,J1938+0650,70.8,,0.2
,J1938+14,75.4,,2.3
,J1938+2010,327.7,,0.8
,J1938+2012,236.909,,0.005
,J1938+2213,93.0,,0.1
,J1938+2659,191.2,,0.05
,J1938+6604,41.2427,,0.0001
,J1939+10,90.0,,8.0
1.9e-07,J1939+2134,71.01515,3.1e-07,2e-05
,J1939+2352g,415.5,,
,J1939+2449,142.88,,0.07
,J1939+2609,47.3,,0.06
,J1940+0239,87.2,,0.3
,J1940+2245,222.4,,1.3
,J1940+2337,252.1,,0.3
,J1940+26,171.64,,0.04
,J1940-0902,42.3,,0.5
,J1940-24,53.4,,0.04
,J1940-2403,63.3,,0.1
,J1941+0121,51.87,,0.06
,J1941+1026,138.91,,0.02
,J1941+1341,147.9,,0.3
,J1941+2525,314.4,,0.4
,J1941+4320,79.361,,0.008
,J1941-0746,43.6,,0.0
,J1941-2602,50.036,,0.003
,J1942+0147,133.3,,
3.7e-05,J1942+1743,190.0,0.000122,6.0
,J1942+3941,104.5,,0.6
,J1942+8106,40.24,,0.03
,J1942-2019,59.9,,0.3
,J1943+0609,70.76,,0.06
,J1943+2210,174.089,,0.003
8e-09,J1943-1237,28.918,2.884e-06,0.015
,J1944+0907,24.3505,,0.0007
,J1944+1755,175.0,,2.0
,J1944+2236,185.45,,0.007
,J1944-10,31.01,,0.03
,J1944-1750,56.32,,0.06
,J1945+07,62.0,,
,J1945+1211,92.7,,1.6
3.2e-05,J1945+1834,217.7,8.1e-05,0.1
,J1945-0040,59.71,,0.06
,J1946+14,50.3,,
,J1946+1805,16.1356,4.27e-08,0.0073
,J1946+2052,93.965,,0.003
7e-06,J1946+2244,141.5,8.8e-05,0.3
,J1946+24,96.0,,
,J1946+2535,248.81,,0.04
,J1946+2611,165.0,,3.0
,J1946+3417,110.178388,,
,J1946-09,50.63,,0.02
,J1946-1312,63.04,,0.13
,J1946-2913,44.309,,0.015
,J1946-5403,23.7314,,0.0002
,J1947+0915,94.0,,4.0
,J1947+10,149.0,,30.0
,J1947+1957,185.8,,0.2
,J1947+2011g,127.4,,
,J1947-18,25.0,,
,J1947-4215,35.0,,1.0
,J1947-43,29.9,,
,J1948+1808,256.16,,0.07
,J1948+2333,198.2,,0.8
,J1948+2551,289.27,,0.05
,J1948+2819,303.0,,2.0
2e-07,J1948+3540,129.36748,0.0002609,0.00078
,J1948-27,57.85,,0.09
,J1949+2306,196.3,,0.5
,J1949+2516g,425.7,,
,J1949+3106,164.12669,,0.00024
3e-06,J1949+3426,228.2,0.00017,0.1
,J1949-2524,23.07,,0.03
,J1950+05,71.0,,14.0
,J1950+2352g,342.5,,
,J1950+2414,142.0842,,0.0031
,J1950+2556g,420.4,,
,J1950+3001,249.0,,2.0
,J1951+1123,31.29,,0.09
,J1951+4724,104.35,,0.08
,J1952+1410,31.5051,,0.0047
,J1952+2513,246.9,,0.5
,J1952+2630,315.338,,0.002
,J1952+2702g,213.1,,
,J1952+2836g,313.0,,
,J1952+3021,189.1,,0.4
,J1952+3252,45.006,9.77e-07,0.019
,J1953+1149,140.03,,0.03
,J1953+1844g,113.1,,
,J1953+1846A,117.0,,1.0
,J1953+1846B,119.0,,0.0
,J1953+1846C,116.2,,0.0
,J1953+1846D,119.038,,0.0
,J1953+2732,194.2,,0.3
,J1953+2819,199.0,,2.0
,J1953+30,43.61,,0.11
,J1954+1021,80.87,,0.04
,J1954+2407,80.5,,0.4
,J1954+2529,182.7,,0.16
,J1954+2836,,,
,J1954+2923,7.932,6.8e-09,0.007
,J1954+3852,65.36,,0.09
,J1954+4357,130.3,,0.05
,J1955+2527,209.961,,0.002
,J1955+2908,104.4906,,0.0009
,J1955+2912g,193.0,,
,J1955+2930,212.4,,0.9
8e-08,J1955+5059,31.98266,1.3e-07,0.00013
,J1955+6708,57.1478,,0.0001
,J1955-0907,72.0,,0.0
,J1956+07,61.3,,
,J1956+0838,67.087,,0.024
,J1956+2826g,112.0,,
,J1956-2752,45.69,,0.01
,J1957+2516,44.137,,0.003
,J1957+2831,138.99,,0.08
,J1957+5033,,,
,J1957-0002,38.443,,0.004
,J1958+2846,,,
,J1958+3033,201.9,,0.4
,J1958+56,58.1,,0.04
6e-08,J1959+2048,29.1066,2.5e-07,0.0003
,J1959+3620,273.0,,
,J2000+2920,132.3,,0.8
,J2001+4258,54.93,,0.03
,J2001-0349,67.0,,3.0
,J2002+1637,94.581,,0.048
,J2002+30,187.8,,0.11
7e-06,J2002+3217,142.21,6.6e-05,0.03
,J2002+4050,131.486,,0.041
,J2003+2916,209.5,,0.8
,J2004+2653,160.0,,4.0
1.4e-06,J2004+3137,234.82,6.57e-05,0.008
,J2004+3429,351.0,,
,J2005+3411g,489.0,,
,J2005+3547,401.6,,0.3
,J2005+3552,455.0,,
,J2005-0020,35.93,,0.17
,J2006+0148,43.5786,,
,J2006+22,130.56,,0.08
,J2006+3102,107.16,,0.01
,J2006+4058,259.5,,0.2
,J2006-0807,32.39,5.89e-08,0.03
,J2007+0809,53.394,,0.037
,J2007+0910,48.72934,,0.00067
,J2007+20,67.0,,0.4
,J2007+2722,126.782,,0.012
,J2007+3120,191.5,,0.2
,J2008+2513,60.5555,,0.0036
,J2008+2755g,155.1,,
,J2008+3139,223.9,,0.2
,J2009+3122g,144.1,,
,J2009+3326,263.6,,0.8
,J2010+2845,112.47,,0.08
,J2010+3051,133.756,,0.002
,J2010+31,251.8,,2.3
,J2010+3230,371.8,,0.5
,J2010-1323,22.1619,,0.0002
,J2011+3006g,14.0,,
,J2011+3331,298.58,,0.06
,J2012-2029,37.67,,0.08
,J2013+3058,148.7,,0.07
,J2013+3100g,158.4,,
1.4e-05,J2013+3845,238.217,0.00016,0.008
,J2013-0649,63.36,,0.1
,J2015+2524,11.0,,0.6
,J2016+1948,33.8148,,0.0016
,J2017+0603,23.92344,,9e-05
,J2017+2043,60.4906,,0.0099
,J2017+2819g,66.0,,
,J2017+3625,,,
,J2017+5906,60.28,,0.06
,J2017-0414,30.85,,0.02
,J2017-1614,25.438,,0.0004
,J2017-2737,25.38,,0.06
1.3e-08,J2018+2839,14.1977,7.5e-08,0.0006
,J2018+3418g,317.1,,
,J2018+3431,222.35,,0.07
1.3e-08,J2019+2425,17.201,2.6e-08,0.002
,J2019+72,34.88,,0.09
,J2021+3651,367.5,,1.0
,J2021+4024g,680.5,,
,J2021+4026,,,
,J2022+21,73.52,,0.05
,J2022+2534,53.66,,0.003
1.9e-08,J2022+2854,24.63109,3.1e-08,0.00018
,J2022+3842,429.1,0.055,0.5
,J2022+3845g,487.5,,
4.4e-08,J2022+5154,22.54968,8.2e-08,0.00056
,J2023+2853g,22.8,,
,J2023+5037,32.98817,,0.00037
,J2024+48,99.0,,
,J2027+2146,97.0915,,0.0048
,J2027+4557,229.594,,0.011
,J2027+7502,11.42,,0.13
,J2028+3332,,,
2.2e-06,J2029+3744,190.66,8.48e-05,0.03
,J2030+2228,71.8627,,0.0067
,J2030+3641,246.0,,0.7
,J2030+3818g,596.7,,
,J2030+3929g,491.9,,
,J2030+3944g,937.4,,
,J2030+4415,,,
,J2030+55,59.43,,0.15
,J2032+4127,114.67,,0.04
,J2033+0042,37.84,,0.13
,J2033+1734,25.0864,,0.0012
,J2033-1938,23.47,,0.09
,J2034+3632,,,
,J2036+2835,84.2174,,0.0064
,J2036+6646,50.763,,0.002
,J2037+1942,36.891647,,4.8e-05
,J2037+3621,93.56,,0.06
,J2038+35,57.91,,0.04
,J2038+5319,160.196,,0.012
,J2038-3816,33.96,,0.06
,J2039-3616,23.9633,,0.0005
,J2039-5617,24.57,,0.03
,J2040+1657,50.6919,,0.0014
,J2040-21,23.87,,0.15
,J2042+0246,9.2694,,0.0002
,J2043+1711,20.712,,0.007
8e-08,J2043+2740,21.02064,1.3e-07,0.00015
,J2043+7045,57.64,,0.15
,J2044+28,90.3,,0.4
,J2044+4614,315.4,,0.4
,J2045+0912,31.776,,0.004
,J2045+3633,129.533,,0.002
,J2045-68,21.2,,
,J2046+1540,39.81796,5.25e-07,0.00049
,J2046+5708,101.790291,,7.7e-05
,J2046-0421,35.799,1.2e-07,0.01
,J2047+1053,34.6,,
,J2047+5029,107.676,,0.005
,J2048+2255,70.6847,,0.0022
,J2048+4951,222.8,,
,J2048-1616,11.456,4.9e-09,0.005
,J2050+1259,52.4,,
,J2051+1248,43.45,,0.01
,J2051+4434g,616.0,,
,J2051+50,23.9,,
,J2051-0827,20.7299,,0.0017
,J2052+1219,41.9596,,
,J2052+4421g,547.0,,
,J2053+1718,26.98,,0.005
,J2053+4650,98.0828,,0.0006
,J2053+4718,331.3,,0.5
,J2053-7200,17.3,,0.4
,J2054-39,24.9,,0.3
,J2055+15,40.2,,
5e-08,J2055+2209,36.34963,2.7e-07,0.00029
,J2055+2539,,,
2.2e-06,J2055+3630,97.4155,4.02e-05,0.0056
,J2055+3829,91.8295,,0.0002
,J2057+21,73.31,,0.05
,J2102+38,86.3,,0.3
,J2105+07,52.6,,
,J2105+19,33.0,,3.0
,J2105+28,62.48,,0.1
,J2105+6223,50.75,,0.08
7e-06,J2108+4441,139.827,0.000117,0.011
,J2108+4516,82.4,,0.3
,J2108-3429,30.22,,0.01
,J2111+2106,59.2964,,0.0035
,J2111+40,120.0,,
,J2111+4606,,,
,J2112+4058,129.0,,8.0
3e-08,J2113+2754,25.11106,6e-08,0.00018
7e-07,J2113+4644,141.26,1.32e-05,0.09
,J2113+67,54.98,,0.14
,J2115+5448,77.4059,,0.0002
4.3e-07,J2116+1414,56.2044,1.08e-06,0.0061
,J2122+2426,8.5,,0.005
,J2123+36,108.7,,0.3
,J2123+5434,31.76,,0.003
,J2124+1407,30.2473,,0.0013
,J2124-3358,4.5954,,0.0003
5e-07,J2127-6648,35.0,0.0002261,3.0
,J2129+1210A,67.31,,0.05
,J2129+1210B,67.69,,0.12
,J2129+1210C,67.13,,0.05
,J2129+1210D,67.3,,0.2
,J2129+1210E,66.51,,0.12
,J2129+1210F,65.52,,0.15
,J2129+1210G,66.4,,0.2
,J2129+1210H,67.15,,0.12
,J2129+1210I,67.3,,0.0
,J2129+4119,32.0,,1.0
,J2129-0429,16.88,,0.008
,J2129-5721,31.848,,0.0004
,J2131-31,31.6,,1.3
,J2133-0049A,43.3,,0.0
,J2133-0049B,43.8,,0.0
,J2133-0049C,44.1,,0.0
,J2133-0049D,43.6,,0.0
,J2133-0049E,43.8,,0.0
,J2136-1606,18.48,,0.05
,J2136-5046,23.3,,0.3
,J2137+6428,106.0,,0.3
,J2138+4911,168.4,,0.2
,J2139+00,31.18,,0.08
,J2139+2242,44.15971,,0.00075
,J2139+4716,,,
,J2139+4738g,138.9,,
,J2140-2310A,25.064,,0.0041
,J2140-2310B,25.09,,0.12
,J2143+0654,,,
,J2144-3933,3.35,,0.01
,J2144-5237,19.5465,,0.0002
,J2145+21,44.1,,0.4
3e-09,J2145-0750,9.0008,1e-08,0.0013
,J2148-34,14.0,,0.2
,J2149+6329,129.7229,,0.0055
,J2150+5247,148.93,,0.004
,J2150-0326,20.67332,,4e-05
,J2151+2315,23.6,,0.2
,J2154-2812,33.0,,0.3
,J2155+2813,77.1309,,0.0043
,J2155-3118,14.85,,0.05
,J2155-5641,14.0,,9.0
,J2156+2618,48.4433,,0.0039
3.1e-07,J2157+4017,71.1239,1.63e-06,0.0022
,J2158-27,22.15,,0.12
,J2202+21,17.7,,0.4
,J2203+50,77.0,,0.2
,J2204+2700,35.074,,0.001
,J2205+1444,36.717,,0.014
1e-05,J2205+6012,157.6435,0.00032,0.0006
,J2206+6151,168.8,,0.08
,J2207-15,27.5,,0.2
,J2208+4056,11.837,,0.009
,J2208+5500,105.21,,0.01
,J2209+22,46.3,,0.08
,J2210+57,189.43,,0.06
,J2212+2450,25.213,,0.001
,J2212+2933,74.5213,,0.0015
,J2213+53,161.0,,
,J2214+3000,22.544019,,
,J2215+1538,29.2404,,0.0012
,J2215+5135,69.1951,,0.0002
,J2216+5759,176.0,,
,J2217+5733,130.67,0.00044,0.06
1.9e-08,J2219+4754,43.4975,2.02e-07,0.0005
,J2222+2923,49.4128,,0.0011
,J2222+5602,163.3,,0.3
,J2222-0137,3.2826,,0.0002
,J2225+35,51.8,,
1.3e-07,J2225+6535,36.44362,2.6e-07,0.00051
,J2227+3038,19.961,,0.006
,J2228+6447,193.6,,0.2
,J2228-65,36.0,,
,J2229+2643,22.7282,,0.0004
,J2229+6114,205.1,,0.013
,J2229+6205,124.6388,,0.0031
,J2234+0611,10.767,,0.0002
,J2234+0944,17.8323,,0.0002
,J2234+2114,35.08,,0.09
,J2235+1506,18.09,,0.05
,J2236-5527,20.0871,,0.0003
,J2238+5903,,,
,J2238+6021,185.3,,0.8
,J2240+5832,263.5,,0.05
,J2241+6941,67.67,,0.07
,J2241-5236,11.41126,,3e-05
,J2242+6950,40.86039,,0.00073
,J2243+1518,42.13,,0.47
,J2244+63,92.15,,0.12
,J2248-0101,29.05,,0.03
,J2251+24,34.6,,0.3
,J2251-3711,12.12,,0.01
,J2253+1516,29.2045,,0.0017
,J2256-1024,13.77602,,3e-06
,J2257+5909,151.082,,0.006
,J2257-16,52.66,,0.12
,J2301+5852,,,
,J2302+4442,13.78812,,
,J2302+6028,156.7,,0.1
1.9e-08,J2305+3100,49.5845,8.19e-07,0.0012
4e-09,J2305+4707,62.0676,1.733e-06,0.0036
,J2306+31,46.13,,0.02
,J2307+2225,7.024,,0.01
,J2308+5547,46.53905,,0.00037
,J2310+6706,97.7,,0.2
,J2310-0555,15.5139,,0.0007
,J2312+6931,71.6,,0.1
1.3e-08,J2313+4253,17.27693,1.9e-08,0.00033
,J2315+58,73.2,,0.3
,J2317+1439,21.8989,,0.0002
1e-07,J2317+2149,20.86959,1.2e-07,0.00031
,J2319+6411,246.1,,0.06
7e-06,J2321+6024,94.591,8e-05,0.018
1.3e-08,J2322+2057,13.3833,2.2e-08,0.0004
,J2322-2650,6.14906,,0.00013
,J2323+1214,29.0,,0.3
,J2324-6054,14.0,,0.6
,J2325+6316,197.37,,0.05
,J2325-0530,14.966,,0.007
,J2326+6113,122.613,,0.005
,J2326+6141,34.5,,0.2
,J2327+62,193.4,,0.07
,J2329+16,31.0,,
,J2329+4743,44.012,,0.002
,J2330-2005,8.456,8.5e-09,0.002
,J2333+6145,125.0,,12.5
,J2336-01,19.6,,0.09
1.3e-07,J2337+6151,58.41,3.1e-07,0.015
,J2338+4818,35.3,,0.7
,J2339-0533,8.717,,0.004
,J2340+08,24.0,,
,J2343+6221,116.6,,0.5
,J2346-0609,22.504,,0.019
,J2347+02,15.0,,0.4
,J2350+31,39.14,,0.03
,J2351+8533,38.2,,0.3
,J2352+65,152.7,,0.3
3.1e-07,J2354+6155,94.662,2.2e-06,0.006
,J2354-22,9.9,,0.1
,J2355+2246,23.1,,0.7
